ID,Label
T_001864,0 118614
T_002030,0 121639
T_000449,0 124274
T_002329,0 126641
T_000694,0 126127
T_001166,0 125416
T_001884,0 125586
T_002014,0 126197
T_000575,0 126120
T_000047,0 121987
T_001250,0 120035
T_000228,0 127360
T_002496,0 125148
T_000106,0 126816
T_000074,0 120547
T_002153,0 127199
T_002280,0 125164
T_000176,0 124786
T_001372,0 120927
T_000114,0 127181
T_001998,0 124556
T_001163,0 126120
T_000295,0 125793
T_000410,0 125969
T_002039,0 125529
T_002407,0 125762
T_000243,0 123468
T_001486,0 127058
T_001034,0 127169
T_002299,0 125176
T_001344,0 124634
T_000923,0 126335
T_002227,0 125637
T_001503,0 125575
T_001152,0 126186
T_001755,0 119975
T_000255,0 126263
T_002510,0 126562
T_002616,0 124407
T_000050,0 122107
T_002602,0 124040
T_000920,0 126150
T_001907,0 126874
T_000384,0 124636
T_002402,0 125893
T_000044,0 124069
T_002254,0 125241
T_002294,0 122149
T_000350,0 126663
T_000798,0 126271
T_000479,0 125932
T_001734,0 125194
T_000716,0 126327
T_000196,0 126425
T_000415,0 125067
T_000192,0 125698
T_002455,0 122506
T_000649,0 125837
T_001974,0 117093
T_002009,0 126085
T_000781,0 127034
T_001515,0 126834
T_001603,0 126417
T_000858,0 124664
T_000310,0 124626
T_002188,0 125367
T_001832,0 125207
T_001736,0 125476
T_000058,0 122885
T_000036,0 127276
T_002624,0 122495
T_002071,0 125631
T_001636,0 126492
T_002642,0 124448
T_002584,0 127050
T_001029,0 125917
T_002321,0 126507
T_000883,0 126766
T_002562,0 126757
T_000270,0 127063
T_000726,0 126860
T_001811,0 127397
T_000894,0 126581
T_001498,0 125562
T_000240,0 126162
T_002512,0 126619
T_000257,0 126580
T_001233,0 125351
T_000924,0 126210
T_001457,0 126488
T_001959,0 121467
T_000807,0 126348
T_002236,0 126440
T_002319,0 126538
T_001793,0 126930
T_000462,0 126130
T_001772,0 126065
T_001451,0 126387
T_001993,0 121780
T_000745,0 126790
T_000379,0 123725
T_002723,0 126834
T_000836,0 126827
T_000287,0 125288
T_001028,0 125803
T_001058,0 125179
T_002210,0 125251
T_002368,0 126394
T_000325,0 127152
T_001937,0 111603
T_002301,0 125751
T_002709,0 126419
T_000882,0 126713
T_001843,0 125280
T_000110,0 127084
T_001958,0 121574
T_002527,0 126381
T_000779,0 126866
T_002570,0 127024
T_001075,0 126865
T_002753,0 119477
T_000003,0 127198
T_001358,0 124636
T_000519,0 124294
T_002622,0 124162
T_001386,0 123627
T_000551,0 122140
T_000871,0 125882
T_001731,0 124217
T_000982,0 123845
T_002754,0 118993
T_002070,0 125538
T_002338,0 126530
T_000728,0 127108
T_002755,0 119001
T_000154,0 125216
T_001954,0 117763
T_002641,0 123709
T_000251,0 124157
T_002445,0 125540
T_001387,0 123808
T_001988,0 120509
T_001677,0 127495
T_002563,0 126964
T_000066,0 122626
T_002482,0 121305
T_002672,0 125226
T_002474,0 121526
T_001819,0 127560
T_000020,0 126315
T_002750,0 119430
T_002395,0 125646
T_001985,0 121023
T_000538,0 122303
T_001489,0 126851
T_000148,0 126645
T_001178,0 127274
T_002420,0 125845
T_000238,0 126505
T_000159,0 124185
T_001259,0 123977
T_001953,0 118398
T_002284,0 123625
T_001648,0 126368
T_000853,0 124119
T_001694,0 127387
T_000741,0 127099
T_000357,0 128219
T_002446,0 124794
T_000234,0 127062
T_002744,0 120130
T_001204,0 127544
T_001182,0 127495
T_000526,0 124048
T_000343,0 126644
T_000436,0 119414
T_000546,0 122506
T_001744,0 125215
T_002023,0 121245
T_001153,0 126081
T_000631,0 123898
T_001079,0 127206
T_001442,0 126233
T_002464,0 123931
T_001086,0 126493
T_001572,0 126191
T_000618,0 119032
T_001013,0 125476
T_000675,0 124597
T_000989,0 126554
T_000997,0 127236
T_002018,0 124955
T_000398,0 126500
T_001854,0 123978
T_001014,0 125043
T_000610,0 124900
T_000683,0 126104
T_000854,0 124231
T_001975,0 117147
T_000988,0 126254
T_002052,0 126050
T_000830,0 126707
T_000156,0 124865
T_000438,0 119347
T_000112,0 127119
T_001356,0 125767
T_002171,0 127093
T_001669,0 127853
T_001050,0 125296
T_001109,0 125687
T_001100,0 122451
T_000080,0 121004
T_002674,0 125133
T_001564,0 126107
T_001641,0 126397
T_002574,0 125854
T_001360,0 124684
T_002350,0 125426
T_000650,0 126150
T_000968,0 124014
T_000788,0 126943
T_002091,0 125433
T_001769,0 125748
T_001986,0 120543
T_001634,0 126047
T_000966,0 124722
T_002363,0 125727
T_002224,0 122690
T_000090,0 124046
T_001586,0 126835
T_002015,0 125865
T_001269,0 122724
T_000681,0 126048
T_001837,0 125393
T_001474,0 127135
T_001862,0 116631
T_000698,0 126170
T_001199,0 127487
T_000214,0 123338
T_002745,0 119648
T_000426,0 121787
T_002068,0 125574
T_001707,0 126972
T_000407,0 126012
T_001649,0 126395
T_000907,0 126514
T_002022,0 121807
T_001529,0 127183
T_001703,0 126914
T_000584,0 122402
T_000528,0 124036
T_001383,0 121341
T_001748,0 120298
T_001518,0 126862
T_000359,0 128069
T_001939,0 109766
T_001215,0 126961
T_001449,0 126273
T_002308,0 126484
T_000846,0 125158
T_002499,0 126140
T_002452,0 122614
T_001638,0 126494
T_000777,0 126888
T_000753,0 126235
T_001853,0 124559
T_001630,0 125539
T_002065,0 125660
T_001754,0 119082
T_000831,0 126698
T_002703,0 126100
T_001121,0 117388
T_001316,0 127119
T_002060,0 125601
T_002579,0 124979
T_001946,0 114082
T_001676,0 127544
T_002694,0 125184
T_000339,0 127098
T_001094,0 121510
T_002187,0 125197
T_000864,0 125493
T_000396,0 126553
T_002074,0 125717
T_002752,0 119213
T_000204,0 126572
T_001806,0 127644
T_002243,0 126194
T_000113,0 127160
T_002495,0 124628
T_001566,0 125995
T_000303,0 125447
T_000784,0 127289
T_001740,0 125416
T_000241,0 125308
T_001283,0 122056
T_001030,0 126152
T_001332,0 126135
T_002264,0 127300
T_001886,0 125753
T_001520,0 127029
T_000200,0 126770
T_001675,0 127420
T_002735,0 124911
T_002104,0 125662
T_001186,0 127807
T_000367,0 122157
T_000934,0 127025
T_002581,0 126475
T_001780,0 126285
T_001070,0 126438
T_000596,0 126033
T_002638,0 117492
T_002214,0 122140
T_000513,0 123591
T_001284,0 121894
T_001263,0 123895
T_002311,0 126410
T_001595,0 126942
T_001738,0 125453
T_000353,0 127685
T_000394,0 126544
T_002453,0 122711
T_000553,0 122255
T_000794,0 126255
T_001334,0 126122
T_000338,0 126889
T_002718,0 127115
T_002471,0 121838
T_000897,0 126257
T_001038,0 127172
T_000886,0 126904
T_002680,0 125248
T_000876,0 126308
T_002552,0 125142
T_001020,0 123434
T_001891,0 126756
T_002206,0 125958
T_001730,0 123679
T_002646,0 124377
T_002664,0 125400
T_001618,0 126365
T_001223,0 126090
T_000413,0 125424
T_001522,0 127099
T_000855,0 124475
T_001746,0 123864
T_000799,0 126208
T_001643,0 125844
T_002658,0 124150
T_002079,0 125578
T_001901,0 127146
T_002617,0 124224
T_002377,0 126490
T_001588,0 127002
T_000930,0 126745
T_000231,0 127336
T_002337,0 126554
T_002701,0 125671
T_000160,0 124546
T_001980,0 120480
T_002273,0 126236
T_001633,0 125632
T_002578,0 124819
T_000624,0 118095
T_000294,0 125375
T_002758,0 120014
T_001491,0 126524
T_001512,0 126646
T_002219,0 119678
T_001781,0 125963
T_000057,0 122953
T_000691,0 126128
T_000451,0 124760
T_001057,0 125242
T_001402,0 125859
T_002392,0 125523
T_000822,0 127007
T_002594,0 126747
T_000818,0 127131
T_000629,0 123451
T_002751,0 119348
T_000468,0 126675
T_001134,0 125249
T_000437,0 119477
T_000045,0 123174
T_000299,0 125651
T_002172,0 126937
T_001650,0 126317
T_001840,0 125264
T_000536,0 122676
T_000614,0 121517
T_001119,0 119855
T_001960,0 121448
T_002282,0 124565
T_000483,0 124712
T_001012,0 126104
T_001836,0 125429
T_001138,0 126041
T_000297,0 125925
T_000412,0 125609
T_000626,0 119731
T_001041,0 126102
T_000910,0 126704
T_002717,0 127040
T_000071,0 120966
T_000342,0 126856
T_000431,0 120407
T_002351,0 125231
T_002016,0 125628
T_002359,0 125057
T_000680,0 125766
T_002084,0 125695
T_000935,0 127070
T_001627,0 125858
T_000421,0 123432
T_000645,0 126189
T_000668,0 125138
T_000105,0 126773
T_000562,0 126153
T_000690,0 126163
T_000336,0 127019
T_000293,0 124646
T_000951,0 126629
T_002621,0 124220
T_000806,0 126325
T_000435,0 119548
T_002303,0 126239
T_001568,0 126146
T_001274,0 123938
T_001592,0 126995
T_001661,0 127326
T_000124,0 127324
T_001642,0 126274
T_002008,0 126017
T_002173,0 126877
T_000424,0 122300
T_000147,0 126754
T_002058,0 125659
T_000077,0 120642
T_000563,0 125953
T_001481,0 126894
T_000388,0 125679
T_001303,0 126019
T_001026,0 124312
T_001401,0 126118
T_002519,0 125870
T_000962,0 125856
T_002411,0 125726
T_001706,0 126929
T_002225,0 124131
T_002441,0 127330
T_000578,0 125552
T_001563,0 125975
T_000866,0 125392
T_001818,0 127654
T_002085,0 125699
T_000488,0 123495
T_000557,0 123754
T_000019,0 126224
T_001794,0 126945
T_000268,0 126887
T_002600,0 125016
T_000783,0 127233
T_000232,0 127345
T_000408,0 126008
T_000329,0 127015
T_000655,0 125057
T_001409,0 124997
T_001111,0 125361
T_000996,0 127224
T_001878,0 121906
T_001425,0 124992
T_002679,0 124985
T_000320,0 127315
T_000021,0 126212
T_002096,0 125546
T_000386,0 124808
T_002255,0 125617
T_000088,0 123470
T_001894,0 127054
T_001605,0 126256
T_002152,0 127152
T_002488,0 122692
T_001414,0 124062
T_001750,0 118121
T_001801,0 127547
T_001640,0 126016
T_001187,0 127781
T_001183,0 127624
T_000603,0 124810
T_002521,0 125667
T_001273,0 123612
T_000901,0 125843
T_002457,0 122657
T_002712,0 126822
T_001308,0 126986
T_001906,0 126979
T_001534,0 126957
T_000685,0 126602
T_002256,0 126011
T_001982,0 120162
T_001799,0 127552
T_001246,0 119643
T_002385,0 126224
T_001961,0 121029
T_002660,0 124545
T_001575,0 126626
T_001924,0 121748
T_002201,0 126040
T_000414,0 125204
T_001448,0 126223
T_001767,0 125266
T_000315,0 126867
T_002083,0 125731
T_002369,0 126441
T_000893,0 126662
T_001547,0 125912
T_000938,0 127100
T_000814,0 126896
T_001525,0 127192
T_000478,0 125990
T_001551,0 125906
T_000062,0 123061
T_001160,0 125852
T_000271,0 127150
T_000828,0 126918
T_002226,0 125296
T_002547,0 124422
T_002484,0 121640
T_002149,0 127426
T_002598,0 125786
T_001479,0 127186
T_001351,0 125628
T_001596,0 126755
T_000452,0 124903
T_001865,0 119600
T_001170,0 126210
T_001571,0 126016
T_002650,0 123874
T_000151,0 125766
T_000327,0 127251
T_001673,0 127410
T_001931,0 120966
T_000576,0 126294
T_000434,0 119595
T_001380,0 118029
T_000795,0 126595
T_000349,0 126716
T_002451,0 122576
T_001240,0 123336
T_000224,0 126858
T_001285,0 122020
T_001722,0 124470
T_002410,0 125757
T_002332,0 126560
T_002556,0 125741
T_000217,0 124589
T_001601,0 125874
T_001458,0 126612
T_000170,0 125403
T_001607,0 125741
T_001228,0 125861
T_002134,0 127683
T_001192,0 127638
T_000189,0 125655
T_000341,0 126980
T_001468,0 126597
T_000465,0 126392
T_002424,0 126567
T_000809,0 126558
T_000411,0 125886
T_002062,0 125715
T_000878,0 126388
T_000385,0 124649
T_002543,0 122678
T_002738,0 123036
T_001838,0 125177
T_002393,0 125603
T_001759,0 120914
T_001973,0 117734
T_002245,0 125439
T_002356,0 125382
T_002532,0 125423
T_002048,0 125964
T_000688,0 126559
T_000402,0 126665
T_001247,0 119845
T_000609,0 125140
T_001321,0 126363
T_000837,0 126850
T_002549,0 124964
T_001447,0 126327
T_002610,0 123331
T_000097,0 126023
T_000598,0 125854
T_002746,0 119390
T_000229,0 127284
T_000729,0 127209
T_001644,0 125824
T_002183,0 124105
T_001251,0 121170
T_000004,0 127142
T_000163,0 125757
T_001433,0 125976
T_000797,0 126376
T_002643,0 124607
T_001421,0 125169
T_001220,0 126215
T_001652,0 126286
T_000180,0 124425
T_000791,0 127094
T_000808,0 126347
T_002129,0 127812
T_002056,0 125780
T_002167,0 127106
T_000674,0 125069
T_001039,0 126694
T_001278,0 123923
T_000547,0 122149
T_001567,0 126040
T_001048,0 125427
T_000387,0 125253
T_002053,0 125875
T_000637,0 124127
T_001277,0 124268
T_000087,0 123400
T_000190,0 125812
T_000785,0 127146
T_001202,0 127545
T_002734,0 125126
T_001977,0 116962
T_002371,0 126472
T_000236,0 126691
T_001868,0 122978
T_001497,0 126147
T_002087,0 125662
T_001863,0 117814
T_000276,0 127173
T_001945,0 113626
T_001519,0 126953
T_002186,0 124621
T_002139,0 127533
T_001763,0 122491
T_002693,0 125347
T_000258,0 126759
T_001293,0 125255
T_001349,0 125039
T_000245,0 122254
T_000037,0 127214
T_001270,0 122735
T_000472,0 126526
T_001929,0 121978
T_001337,0 125406
T_002217,0 119512
T_000002,0 127195
T_000932,0 127016
T_000351,0 127006
T_000136,0 126488
T_000628,0 122475
T_002237,0 126554
T_001221,0 126118
T_000122,0 127452
T_001328,0 126120
T_001459,0 126679
T_000267,0 127051
T_000802,0 126204
T_000832,0 126695
T_002553,0 125241
T_002401,0 125973
T_001833,0 125172
T_001219,0 126344
T_000013,0 126557
T_001082,0 127121
T_001231,0 125650
T_000605,0 123328
T_002539,0 117097
T_002160,0 126880
T_001171,0 126544
T_002142,0 127536
T_002211,0 124568
T_002374,0 126477
T_001104,0 125427
T_000317,0 127210
T_000494,0 119043
T_000493,0 119856
T_002335,0 126583
T_000554,0 122526
T_000815,0 127175
T_001175,0 127170
T_002513,0 126504
T_001778,0 126417
T_002122,0 127197
T_001682,0 127591
T_001490,0 126653
T_000444,0 121711
T_000440,0 119625
T_000183,0 124563
T_002140,0 127522
T_000288,0 124813
T_001317,0 127004
T_000869,0 125755
T_001532,0 127110
T_000758,0 124732
T_002358,0 125227
T_002649,0 123825
T_002063,0 125658
T_001812,0 127515
T_001365,0 125118
T_001504,0 124458
T_002575,0 125676
T_001280,0 122760
T_001342,0 122430
T_000072,0 121029
T_002247,0 124923
T_001674,0 127410
T_002511,0 126468
T_000355,0 128035
T_001463,0 126295
T_002330,0 126588
T_001375,0 118070
T_001376,0 117804
T_002316,0 126409
T_001964,0 118868
T_002627,0 113528
T_002234,0 126327
T_002168,0 127140
T_001904,0 127111
T_001373,0 121296
T_000737,0 126848
T_000929,0 126751
T_000011,0 126802
T_001181,0 127374
T_001019,0 123505
T_002454,0 122709
T_002343,0 126324
T_002290,0 120636
T_002322,0 126628
T_001405,0 126022
T_000095,0 125525
T_000226,0 127198
T_002317,0 126475
T_000748,0 126467
T_000842,0 126342
T_000856,0 124441
T_000608,0 125080
T_001705,0 126920
T_001531,0 127084
T_002100,0 125513
T_002467,0 123680
T_001537,0 126830
T_001295,0 125350
T_001914,0 126406
T_000782,0 127232
T_001427,0 124740
T_002438,0 127628
T_001432,0 125734
T_000524,0 124124
T_000109,0 127058
T_000305,0 125213
T_002524,0 125931
T_000482,0 125200
T_002238,0 126513
T_000723,0 126517
T_001173,0 127052
T_000921,0 125945
T_000652,0 125956
T_000660,0 124671
T_000902,0 125827
T_000931,0 126909
T_001928,0 121904
T_002730,0 125675
T_001606,0 125926
T_000254,0 126084
T_000242,0 123980
T_000266,0 127128
T_002590,0 127045
T_002007,0 125649
T_001115,0 123601
T_001234,0 125180
T_001991,0 120689
T_000191,0 125737
T_000635,0 123853
T_001167,0 125560
T_000042,0 125348
T_002135,0 127786
T_000186,0 125390
T_002592,0 126907
T_001301,0 125504
T_002489,0 122971
T_002027,0 120836
T_002479,0 121342
T_001666,0 127341
T_001256,0 124203
T_002540,0 117185
T_002681,0 125506
T_000992,0 126734
T_000362,0 128239
T_000173,0 124766
T_000838,0 126785
T_000774,0 126882
T_000612,0 123988
T_001821,0 127119
T_001027,0 125244
T_002737,0 123759
T_000913,0 126162
T_000175,0 124827
T_002268,0 126478
T_001585,0 126667
T_002760,0 121491
T_002207,0 126102
T_001774,0 125994
T_001877,0 122230
T_001902,0 126988
T_000574,0 126311
T_000070,0 121140
T_000309,0 124821
T_000361,0 128125
T_002355,0 125319
T_000948,0 126516
T_001352,0 125936
T_002333,0 126639
T_000116,0 127216
T_001222,0 126080
T_002218,0 119664
T_002582,0 126791
T_001760,0 121162
T_001697,0 127344
T_000393,0 126482
T_001890,0 126511
T_001516,0 126858
T_000594,0 125791
T_002490,0 123417
T_002720,0 126869
T_002121,0 127135
T_000458,0 125752
T_001615,0 126886
T_001827,0 125717
T_000955,0 127211
T_001232,0 125281
T_000262,0 127235
T_000273,0 127265
T_000086,0 123155
T_001392,0 123720
T_002668,0 125262
T_000169,0 125474
T_001271,0 123028
T_000008,0 126989
T_000743,0 126978
T_000328,0 127149
T_002157,0 127179
T_000401,0 126727
T_001327,0 125991
T_001068,0 126178
T_001584,0 126432
T_000870,0 125771
T_000724,0 126502
T_001651,0 126317
T_002270,0 126268
T_001323,0 126148
T_002555,0 125576
T_000321,0 127300
T_001725,0 124592
T_002005,0 125447
T_001795,0 127215
T_000944,0 126329
T_002304,0 126245
T_001431,0 125269
T_000607,0 124650
T_000859,0 124865
T_001136,0 125854
T_000099,0 126273
T_002274,0 126093
T_000324,0 127377
T_001017,0 123578
T_001859,0 118417
T_000056,0 122591
T_000502,0 118553
T_001001,0 127109
T_000696,0 126192
T_001306,0 126778
T_000710,0 126709
T_002107,0 125721
T_002708,0 126507
T_001951,0 117936
T_001080,0 127264
T_002041,0 125561
T_000591,0 125121
T_001876,0 122462
T_001502,0 125029
T_000903,0 125882
T_000985,0 125629
T_002265,0 127099
T_001460,0 126613
T_001123,0 116287
T_000141,0 126194
T_001157,0 125854
T_002292,0 121274
T_001824,0 126460
T_000034,0 127351
T_002302,0 125920
T_001875,0 123066
T_000197,0 126512
T_000600,0 125102
T_000940,0 127009
T_001480,0 127016
T_002430,0 126983
T_002010,0 126523
T_000810,0 126565
T_001956,0 119556
T_001493,0 126275
T_000689,0 126458
T_001508,0 125629
T_002587,0 127180
T_001935,0 113185
T_001035,0 127230
T_000595,0 126070
T_001913,0 126620
T_002021,0 122703
T_000006,0 126987
T_002342,0 126449
T_001995,0 123576
T_000700,0 126173
T_001384,0 122506
T_001957,0 120736
T_002174,0 126705
T_001870,0 124236
T_000895,0 126528
T_000377,0 119330
T_001361,0 123656
T_002601,0 124422
T_000947,0 126564
T_001348,0 125133
T_002399,0 125894
T_001911,0 126709
T_000735,0 127065
T_001903,0 127084
T_001117,0 122741
T_001892,0 127003
T_002388,0 125815
T_001623,0 126617
T_002571,0 126607
T_001899,0 127197
T_000213,0 123448
T_001559,0 125881
T_001775,0 126236
T_000222,0 126241
T_001381,0 118458
T_001756,0 120653
T_002232,0 126111
T_000664,0 123745
T_000627,0 121305
T_000009,0 126880
T_001616,0 126885
T_000905,0 126084
T_002378,0 126458
T_001604,0 126506
T_002127,0 127577
T_002028,0 121218
T_002300,0 125447
T_001610,0 125886
T_001691,0 127075
T_002419,0 125790
T_001482,0 126944
T_000750,0 126146
T_000824,0 126843
T_001461,0 126576
T_001524,0 127195
T_001314,0 127140
T_001382,0 119718
T_001315,0 127084
T_001395,0 124851
T_001359,0 123968
T_001888,0 125991
T_000872,0 125869
T_002656,0 123991
T_001008,0 126375
T_001807,0 127653
T_002190,0 125590
T_000863,0 125692
T_000135,0 126529
T_002710,0 126401
T_000296,0 125825
T_001299,0 125426
T_000771,0 126761
T_000892,0 126830
T_001262,0 124001
T_000103,0 126687
T_000701,0 126203
T_002283,0 124208
T_002271,0 126228
T_001083,0 127003
T_000371,0 110951
T_001102,0 124503
T_001834,0 125313
T_000111,0 127054
T_001169,0 125915
T_001889,0 126284
T_002460,0 123558
T_000577,0 126020
T_002603,0 123518
T_002498,0 125761
T_000459,0 125913
T_001672,0 127530
T_000420,0 123709
T_001846,0 124998
T_001279,0 123386
T_002743,0 120309
T_001711,0 126996
T_000775,0 126963
T_000052,0 121972
T_002507,0 126565
T_002536,0 122109
T_002476,0 120953
T_002233,0 126189
T_001797,0 127498
T_000567,0 126110
T_000860,0 125269
T_001573,0 126385
T_000983,0 124730
T_002494,0 124100
T_002146,0 127506
T_001925,0 121911
T_000565,0 126193
T_001517,0 126934
T_001069,0 126337
T_001879,0 122537
T_000602,0 124263
T_000301,0 125892
T_000535,0 122857
T_001944,0 113662
T_001817,0 127550
T_000423,0 122695
T_001565,0 126003
T_002568,0 127151
T_001097,0 119719
T_000556,0 123368
T_000975,0 121009
T_002403,0 125925
T_000534,0 123161
T_001287,0 123339
T_000149,0 126535
T_001338,0 124977
T_002203,0 126116
T_000068,0 121942
T_001757,0 121387
T_001330,0 126220
T_001343,0 123352
T_001144,0 126141
T_000663,0 124017
T_000625,0 118686
T_002059,0 125717
T_000326,0 127280
T_000308,0 125672
T_000833,0 126768
T_000030,0 127145
T_000765,0 125932
T_001599,0 125971
T_001702,0 126875
T_002604,0 123329
T_001294,0 125225
T_002486,0 122048
T_001545,0 126043
T_002133,0 127715
T_001900,0 127181
T_001933,0 117261
T_000427,0 121465
T_002741,0 120807
T_001225,0 126020
T_001828,0 125648
T_002080,0 125553
T_000927,0 126710
T_001151,0 126456
T_001684,0 127423
T_001377,0 118065
T_001081,0 127268
T_002661,0 124805
T_001072,0 126541
T_002170,0 127133
T_001266,0 122730
T_002081,0 125663
T_000290,0 125412
T_000597,0 125984
T_000346,0 126762
T_001254,0 123535
T_002647,0 124098
T_000772,0 126776
T_002110,0 126104
T_000803,0 126289
T_001417,0 123735
T_002148,0 127552
T_001051,0 125434
T_002298,0 124669
T_001751,0 118036
T_001881,0 123641
T_002248,0 124221
T_002297,0 123968
T_000583,0 122593
T_001007,0 126639
T_000215,0 122943
T_001785,0 126002
T_001341,0 122850
T_001454,0 126309
T_001252,0 122282
T_001657,0 127289
T_001177,0 127249
T_001947,0 115252
T_001374,0 119772
T_001555,0 125860
T_002644,0 124532
T_000225,0 127018
T_001003,0 127085
T_002112,0 126171
T_001739,0 125472
T_002262,0 127360
T_001142,0 126367
T_000738,0 126931
T_000282,0 126513
T_001021,0 122817
T_000446,0 123288
T_000235,0 126919
T_000443,0 121049
T_001867,0 122486
T_002615,0 124374
T_002609,0 123345
T_000291,0 125598
T_000185,0 125278
T_000046,0 122343
T_001131,0 124000
T_001159,0 125714
T_000073,0 120751
T_000115,0 127158
T_000851,0 123912
T_002759,0 120560
T_001983,0 120403
T_000971,0 121037
T_001077,0 127092
T_000686,0 126836
T_000447,0 123754
T_001804,0 127719
T_000656,0 125304
T_002492,0 123526
T_002427,0 126815
T_001609,0 125789
T_000089,0 123889
T_000025,0 126663
T_000676,0 124655
T_001428,0 124530
T_000539,0 122277
T_002102,0 125582
T_001073,0 126589
T_002348,0 125694
T_001848,0 124745
T_002599,0 125321
T_002628,0 108546
T_002654,0 124061
T_000890,0 126940
T_000980,0 121763
T_001049,0 125400
T_002019,0 124231
T_002314,0 126520
T_001940,0 111173
T_001264,0 123750
T_002675,0 125043
T_001168,0 125806
T_001340,0 123812
T_002406,0 125898
T_000922,0 126061
T_001717,0 125781
T_001869,0 123699
T_000425,0 121914
T_000107,0 126968
T_000812,0 126647
T_000510,0 123396
T_001472,0 126802
T_002108,0 125847
T_001445,0 126433
T_001841,0 125316
T_002707,0 126469
T_000406,0 126034
T_001792,0 126651
T_000967,0 124604
T_000928,0 126677
T_000144,0 126719
T_002742,0 120566
T_000453,0 125161
T_002161,0 127088
T_001742,0 125612
T_002241,0 126469
T_001777,0 126519
T_001501,0 124812
T_000549,0 122369
T_001140,0 126192
T_000889,0 127029
T_000463,0 126265
T_001579,0 126636
T_002678,0 124880
T_000155,0 125056
T_001507,0 125223
T_000909,0 126816
T_000023,0 126494
T_002550,0 125006
T_000817,0 127271
T_001213,0 127099
T_001909,0 126810
T_000570,0 126488
T_002673,0 125161
T_000754,0 126126
T_001617,0 126641
T_002073,0 125783
T_002278,0 125885
T_001765,0 124036
T_002557,0 125939
T_000476,0 126042
T_001098,0 119304
T_001823,0 126848
T_001629,0 125521
T_002118,0 126936
T_000344,0 126607
T_002012,0 126570
T_002269,0 126424
T_001593,0 127020
T_000125,0 127341
T_001701,0 127128
T_001418,0 124544
T_001647,0 125900
T_001631,0 125485
T_002531,0 125530
T_001429,0 124655
T_002043,0 125774
T_002306,0 126369
T_000644,0 126214
T_002619,0 124098
T_001966,0 119966
T_001866,0 120971
T_002267,0 126737
T_000957,0 126838
T_001536,0 126937
T_000091,0 124173
T_001557,0 125859
T_002698,0 125430
T_001527,0 127318
T_001745,0 124652
T_000195,0 126250
T_002221,0 121314
T_001184,0 127691
T_001844,0 125221
T_002448,0 123433
T_002655,0 124046
T_002605,0 123119
T_000829,0 126899
T_002645,0 124507
T_002213,0 123058
T_000943,0 126472
T_002671,0 125197
T_001378,0 118721
T_000029,0 127025
T_000249,0 122951
T_000945,0 126219
T_000211,0 124754
T_000868,0 125697
T_002715,0 127109
T_001936,0 112804
T_000993,0 126912
T_002469,0 122834
T_002520,0 125731
T_000545,0 122499
T_002569,0 127100
T_001922,0 123615
T_002094,0 125412
T_000840,0 126496
T_000987,0 125838
T_000454,0 125380
T_001291,0 124893
T_002103,0 125675
T_001659,0 127309
T_000521,0 124402
T_002749,0 119617
T_000277,0 127049
T_001752,0 118680
T_001680,0 127527
T_001296,0 125175
T_000702,0 126228
T_001207,0 127572
T_001424,0 125295
T_002442,0 127045
T_001015,0 124801
T_000026,0 126779
T_001686,0 127224
T_002195,0 126296
T_000552,0 122143
T_000360,0 127979
T_002305,0 126316
T_002115,0 126487
T_002281,0 124896
T_002526,0 126491
T_001004,0 127076
T_000280,0 126683
T_000559,0 124994
T_001368,0 124351
T_001635,0 126301
T_002216,0 120922
T_002366,0 126175
T_002138,0 127540
T_002128,0 127763
T_001453,0 126281
T_000693,0 126067
T_000763,0 124919
T_002045,0 125723
T_000100,0 126335
T_000162,0 125542
T_000699,0 126167
T_002191,0 125468
T_002251,0 123682
T_002652,0 124091
T_001438,0 126749
T_001758,0 121186
T_000207,0 126244
T_001114,0 124035
T_000571,0 126398
T_000391,0 126310
T_002078,0 125778
T_001639,0 126249
T_002429,0 126869
T_001660,0 127227
T_000455,0 125527
T_002151,0 127255
T_001346,0 125508
T_002194,0 126341
T_002435,0 127484
T_002676,0 125070
T_001105,0 125579
T_002686,0 126317
T_001621,0 126290
T_000252,0 124918
T_002515,0 126254
T_001435,0 125966
T_002593,0 126942
T_002198,0 126317
T_000188,0 125676
T_000800,0 126188
T_002215,0 122016
T_000630,0 123724
T_002483,0 121436
T_002296,0 123366
T_001394,0 124463
T_000239,0 126435
T_002433,0 127219
T_000075,0 120083
T_000174,0 124902
T_001367,0 124676
T_001920,0 124682
T_002324,0 126673
T_000442,0 120344
T_001309,0 127060
T_002189,0 125763
T_001047,0 125505
T_000946,0 126373
T_000142,0 126274
T_000430,0 120543
T_002228,0 125670
T_000474,0 126347
T_001065,0 125719
T_001625,0 126219
T_002648,0 124024
T_000132,0 126733
T_002000,0 124751
T_002439,0 127661
T_000793,0 126786
T_002050,0 126120
T_001969,0 119884
T_002545,0 123808
T_001272,0 122915
T_001591,0 127079
T_002001,0 124843
T_002313,0 126494
T_001396,0 125431
T_001236,0 124601
T_000529,0 123748
T_001916,0 125889
T_000171,0 125136
T_001510,0 126281
T_001054,0 124733
T_001938,0 110535
T_000418,0 124410
T_000470,0 126681
T_001667,0 127502
T_001393,0 124381
T_000400,0 126741
T_000119,0 127266
T_000708,0 126420
T_002340,0 126513
T_001808,0 127611
T_001005,0 126966
T_002031,0 122014
T_001487,0 126981
T_000998,0 127160
T_000331,0 127010
T_002352,0 125236
T_002279,0 125537
T_000769,0 126651
T_002523,0 125580
T_002111,0 126121
T_000237,0 126499
T_002414,0 125537
T_002444,0 126179
T_001312,0 127121
T_002731,0 125687
T_002425,0 126672
T_002341,0 126487
T_000523,0 124247
T_001125,0 116986
T_001871,0 124297
T_000060,0 122402
T_002258,0 126593
T_002632,0 111486
T_001158,0 125866
T_002756,0 119286
T_001561,0 125886
T_001852,0 124804
T_001506,0 124706
T_000515,0 123723
T_001809,0 127590
T_000805,0 126391
T_000899,0 125957
T_001850,0 124661
T_002277,0 125948
T_000198,0 126525
T_000885,0 126827
T_001842,0 125375
T_001654,0 126698
T_000704,0 126263
T_000055,0 122084
T_000850,0 123914
T_002431,0 127133
T_001268,0 122335
T_001156,0 126009
T_000898,0 126086
T_000662,0 123739
T_000844,0 125793
T_000168,0 125646
T_002309,0 126453
T_001950,0 117019
T_000613,0 123131
T_000958,0 126681
T_002099,0 125402
T_001619,0 126316
T_001646,0 125662
T_001147,0 126502
T_000881,0 126643
T_000592,0 125318
T_002509,0 126665
T_001820,0 127327
T_002637,0 114120
T_002757,0 119653
T_000441,0 119927
T_000964,0 125004
T_001783,0 126348
T_000995,0 127145
T_001495,0 126085
T_001934,0 114803
T_001203,0 127536
T_000416,0 124929
T_002120,0 127256
T_002382,0 126416
T_002208,0 125858
T_001699,0 127121
T_001135,0 125684
T_001336,0 125550
T_002222,0 121108
T_000757,0 125053
T_001814,0 127537
T_000994,0 126984
T_000720,0 126740
T_002432,0 127210
T_002504,0 126641
T_002559,0 126250
T_000212,0 124252
T_000261,0 127225
T_002205,0 126004
T_000167,0 125969
T_002497,0 125517
T_001127,0 119761
T_001022,0 122622
T_001919,0 125058
T_002025,0 121535
T_000010,0 126924
T_002421,0 125940
T_000054,0 121697
T_001265,0 123516
T_001860,0 115928
T_001209,0 127309
T_001318,0 126934
T_000337,0 126979
T_001845,0 125152
T_000143,0 126509
T_000069,0 121617
T_000363,0 128236
T_001926,0 120874
T_001304,0 126398
T_001172,0 126848
T_000942,0 126569
T_001622,0 126486
T_002036,0 125020
T_001796,0 127317
T_001544,0 126226
T_000263,0 127210
T_002257,0 126152
T_000986,0 125614
T_002535,0 123239
T_002665,0 125540
T_000496,0 117448
T_000485,0 123984
T_000707,0 126367
T_001201,0 127493
T_001560,0 125907
T_001244,0 120269
T_002480,0 121298
T_001354,0 126040
T_002002,0 124908
T_002156,0 127194
T_000914,0 126258
T_000247,0 122159
T_002076,0 125783
T_000616,0 121069
T_001835,0 125442
T_002564,0 127170
T_000588,0 125518
T_001322,0 126316
T_001552,0 125835
T_002546,0 124328
T_001000,0 127257
T_001541,0 126597
T_000622,0 118669
T_001720,0 125342
T_001406,0 125904
T_002461,0 123202
T_000640,0 125099
T_002740,0 121095
T_000730,0 127135
T_000908,0 126777
T_001227,0 125985
T_001523,0 127146
T_002196,0 126432
T_002389,0 125676
T_001206,0 127595
T_000999,0 127096
T_000572,0 126502
T_002530,0 125863
T_000417,0 124668
T_002260,0 127286
T_001060,0 125221
T_002413,0 125581
T_001276,0 124355
T_001208,0 127477
T_001787,0 126063
T_000428,0 121181
T_001798,0 127520
T_001297,0 125372
T_000589,0 125562
T_002412,0 125697
T_002373,0 126516
T_001971,0 119767
T_000492,0 120523
T_002426,0 126794
T_002704,0 126347
T_000383,0 124510
T_000841,0 126424
T_000292,0 124494
T_001685,0 127305
T_000670,0 125396
T_000879,0 126484
T_000960,0 126344
T_001128,0 121016
T_001815,0 127532
T_000127,0 127207
T_001040,0 126352
T_002503,0 126468
T_002032,0 122740
T_001164,0 125869
T_000256,0 126407
T_001496,0 126065
T_000884,0 126791
T_001597,0 126555
T_001719,0 125355
T_000422,0 123145
T_002357,0 125217
T_000825,0 126841
T_002586,0 127212
T_002047,0 125816
T_000399,0 126600
T_000564,0 126105
T_002034,0 124454
T_001847,0 124730
T_000848,0 124295
T_001543,0 126317
T_002662,0 125148
T_000516,0 123877
T_000623,0 118659
T_000078,0 120732
T_002044,0 125634
T_001106,0 125885
T_002726,0 126443
T_002159,0 127020
T_001143,0 126248
T_002119,0 127103
T_000501,0 117873
T_000382,0 124328
T_000648,0 125702
T_000507,0 121950
T_002003,0 125195
T_001826,0 126016
T_001238,0 124138
T_000334,0 126923
T_002067,0 125572
T_000770,0 126726
T_002386,0 126049
T_002229,0 125493
T_001715,0 126422
T_000725,0 126684
T_000544,0 122588
T_000862,0 125637
T_001670,0 127592
T_000786,0 127106
T_001462,0 126351
T_001055,0 124979
T_002295,0 122750
T_000916,0 126248
T_002180,0 124724
T_001542,0 126427
T_002408,0 125791
T_001494,0 126059
T_000404,0 126367
T_000601,0 124747
T_000711,0 126803
T_002113,0 126100
T_000965,0 125042
T_000954,0 127043
T_001972,0 119120
T_001475,0 127228
T_001789,0 126500
T_000356,0 128267
T_001583,0 126569
T_002625,0 120613
T_001726,0 124463
T_001044,0 125611
T_000201,0 126794
T_002092,0 125443
T_002017,0 125179
T_002682,0 125921
T_002077,0 125737
T_002597,0 125890
T_001624,0 126423
T_001613,0 126591
T_000503,0 119123
T_002143,0 127626
T_002684,0 126524
T_002046,0 125750
T_001149,0 126423
T_001987,0 120258
T_001771,0 126064
T_000365,0 128210
T_001727,0 124444
T_001999,0 124633
T_002516,0 126192
T_002612,0 123641
T_000166,0 125937
T_000027,0 126816
T_000722,0 126483
T_000313,0 126239
T_002565,0 127120
T_000642,0 125973
T_001483,0 126966
T_000665,0 124675
T_001267,0 122183
T_000760,0 125388
T_002466,0 124022
T_001915,0 126256
T_000834,0 126792
T_000568,0 126242
T_000617,0 120679
T_001229,0 125739
T_002379,0 126482
T_002422,0 126092
T_001059,0 125368
T_000005,0 126999
T_001112,0 125162
T_002522,0 125663
T_000429,0 120931
T_001257,0 124197
T_000654,0 125090
T_000715,0 126337
T_000279,0 126967
T_002447,0 124311
T_000697,0 126295
T_001749,0 118653
T_000719,0 126652
T_002370,0 126440
T_000322,0 127449
T_001193,0 127674
T_000497,0 116736
T_000130,0 126904
T_000684,0 126308
T_001997,0 124369
T_001400,0 126253
T_000820,0 127024
T_000419,0 124087
T_002235,0 126369
T_001830,0 125476
T_001260,0 123875
T_000164,0 125914
T_002611,0 123351
T_002719,0 127073
T_001176,0 127020
T_001943,0 113875
T_001194,0 127595
T_001790,0 126677
T_001976,0 116995
T_002653,0 124145
T_001896,0 127057
T_001582,0 126619
T_000933,0 126916
T_002631,0 110223
T_000978,0 120482
T_001398,0 126148
T_001189,0 127750
T_001984,0 120860
T_002697,0 125402
T_002360,0 125251
T_000742,0 126994
T_002038,0 125427
T_000205,0 126369
T_000218,0 124523
T_001441,0 126256
T_001211,0 127211
T_002259,0 126986
T_001849,0 124634
T_001126,0 118006
T_001118,0 121255
T_002548,0 124732
T_001816,0 127418
T_001288,0 123720
T_000121,0 127478
T_002595,0 126660
T_000208,0 126121
T_000137,0 126346
T_001089,0 125883
T_000499,0 116991
T_002391,0 125633
T_001978,0 117618
T_000405,0 126157
T_000031,0 127160
T_001698,0 127235
T_001036,0 127317
T_002623,0 123648
T_000587,0 125547
T_002478,0 121377
T_001598,0 126156
T_001319,0 127032
T_000051,0 122225
T_002344,0 126289
T_000542,0 122575
T_000561,0 125987
T_002387,0 125988
T_000744,0 126796
T_000887,0 126981
T_001180,0 127157
T_001577,0 126708
T_002639,0 120168
T_000067,0 122188
T_001071,0 126498
T_000973,0 120540
T_001191,0 127635
T_001721,0 124960
T_000537,0 122484
T_002437,0 127708
T_001403,0 125786
T_000375,0 111312
T_001612,0 126296
T_000000,0 126956
T_000761,0 124714
T_001407,0 125576
T_001345,0 125324
T_001885,0 125594
T_000489,0 122906
T_002450,0 122441
T_000012,0 126678
T_002700,0 125551
T_002097,0 125474
T_001325,0 125984
T_000823,0 126890
T_002088,0 125340
T_000865,0 125450
T_002117,0 126798
T_001941,0 112885
T_002608,0 123375
T_000941,0 126850
T_001580,0 126603
T_002434,0 127369
T_002596,0 126298
T_002683,0 126433
T_001626,0 126003
T_001608,0 125712
T_001893,0 126924
T_000345,0 126598
T_002706,0 126450
T_000490,0 122080
T_002072,0 125688
T_000389,0 126089
T_001578,0 126697
T_000354,0 127830
T_001253,0 123077
T_000376,0 114262
T_002285,0 122804
T_000566,0 126248
T_001052,0 125138
T_002716,0 127094
T_000604,0 123933
T_001120,0 118314
T_000275,0 127110
T_000145,0 126709
T_002666,0 125520
T_000206,0 126226
T_001700,0 126949
T_001554,0 125836
T_002318,0 126349
T_002310,0 126450
T_000961,0 126137
T_001469,0 126431
T_001124,0 116342
T_002685,0 126424
T_000131,0 126778
T_002418,0 125572
T_001329,0 126149
T_000409,0 126112
T_001042,0 125964
T_000950,0 126702
T_000018,0 126217
T_000041,0 125998
T_002696,0 125388
T_002137,0 127592
T_000717,0 126129
T_001174,0 127221
T_001275,0 124170
T_000039,0 126842
T_000813,0 126756
T_002514,0 126396
T_001091,0 125108
T_001456,0 126406
T_001024,0 123348
T_001713,0 126996
T_002443,0 126636
T_000061,0 122374
T_000146,0 126761
T_000541,0 122411
T_001921,0 124231
T_001917,0 125824
T_001656,0 127280
T_001782,0 126123
T_002572,0 126209
T_002533,0 125022
T_001535,0 126980
T_001369,0 123644
T_001485,0 127117
T_001311,0 127021
T_001099,0 121039
T_002204,0 126219
T_000984,0 125258
T_001033,0 127012
T_001776,0 126430
T_002252,0 124426
T_002327,0 126734
T_002607,0 123130
T_001137,0 125953
T_001045,0 125524
T_000260,0 126990
T_001085,0 126720
T_001509,0 126094
T_000852,0 123928
T_000220,0 125429
T_000692,0 126074
T_000643,0 126188
T_001353,0 126048
T_001426,0 124645
T_001023,0 123035
T_001747,0 122277
T_002326,0 126697
T_000512,0 123720
T_000525,0 124070
T_001145,0 126340
T_001243,0 121378
T_000133,0 126713
T_000915,0 126408
T_002066,0 125704
T_001095,0 120971
T_001216,0 126802
T_001952,0 118314
T_000873,0 126072
T_000792,0 126909
T_002417,0 125695
T_001074,0 126611
T_001521,0 127043
T_001813,0 127559
T_001839,0 125305
T_001286,0 122647
T_002573,0 125966
T_002055,0 125844
T_002459,0 123506
T_001927,0 120707
T_001539,0 126812
T_002692,0 125524
T_000509,0 122872
T_002106,0 125761
T_002086,0 125748
T_000917,0 126416
T_001324,0 126092
T_002328,0 126693
T_002040,0 125547
T_002733,0 125072
T_000014,0 126461
T_001300,0 125504
T_000672,0 125174
T_000059,0 122618
T_002518,0 125927
T_000581,0 124145
T_001664,0 127386
T_001331,0 126145
T_000891,0 126881
T_000976,0 120703
T_002336,0 126562
T_002400,0 125804
T_002544,0 123210
T_002566,0 127150
T_002334,0 126517
T_001581,0 126656
T_002263,0 127393
T_002383,0 126390
T_002192,0 125902
T_001355,0 125935
T_002141,0 127554
T_001770,0 125972
T_001088,0 126146
T_002416,0 125617
T_002212,0 123591
T_001226,0 125997
T_000641,0 125579
T_002163,0 127074
T_002004,0 125326
T_001061,0 125410
T_001477,0 127157
T_000182,0 124446
T_001562,0 125943
T_001718,0 125616
T_002618,0 124225
T_002695,0 125223
T_000747,0 126534
T_000687,0 126872
T_001101,0 123564
T_000847,0 124718
T_000682,0 126053
T_002144,0 127542
T_002491,0 123375
T_001062,0 125393
T_000713,0 126616
T_001370,0 122447
T_000316,0 127136
T_002428,0 126830
T_002123,0 126934
T_000762,0 124554
T_002075,0 125707
T_002640,0 122322
T_001910,0 126784
T_000219,0 124704
T_000979,0 120892
T_000298,0 125701
T_002472,0 121670
T_001499,0 125437
T_000053,0 121807
T_001416,0 123892
T_001653,0 126528
T_002577,0 125178
T_002702,0 125707
T_002687,0 126090
T_000764,0 125518
T_001450,0 126312
T_002093,0 125408
T_000445,0 122481
T_001110,0 125604
T_002630,0 108680
T_000285,0 126399
T_002440,0 127503
T_000926,0 126525
T_000475,0 126084
T_002381,0 126444
T_001883,0 125434
T_001500,0 125009
T_002481,0 121280
T_001511,0 126569
T_001116,0 123307
T_001492,0 126338
T_000092,0 124532
T_000314,0 126627
T_000714,0 126388
T_002287,0 121120
T_001689,0 127214
T_000527,0 124057
T_001292,0 125002
T_000839,0 126600
T_002367,0 126284
T_002354,0 125349
T_000108,0 126991
T_001261,0 123958
T_000773,0 126900
T_000380,0 123066
T_002178,0 125524
T_000974,0 120498
T_002390,0 125645
T_002713,0 127037
T_000768,0 126590
T_000330,0 127181
T_001347,0 125406
T_001861,0 115156
T_000505,0 120387
T_001831,0 125342
T_001281,0 122562
T_002162,0 127162
T_000048,0 121559
T_001829,0 125573
T_001692,0 127162
T_000264,0 127098
T_001741,0 125571
T_002200,0 125942
T_002029,0 121583
T_002035,0 124817
T_000811,0 126559
T_000433,0 119886
T_000216,0 124461
T_000187,0 125576
T_001190,0 127700
T_001990,0 120693
T_000543,0 122597
T_002629,0 107038
T_000518,0 124227
T_002006,0 125504
T_000634,0 124010
T_001930,0 121725
T_002181,0 124496
T_002033,0 123562
T_001590,0 127021
T_001538,0 126842
T_001556,0 125914
T_000278,0 127024
T_001200,0 127488
T_001133,0 124960
T_001289,0 124348
T_002551,0 125088
T_002323,0 126668
T_001743,0 125498
T_000495,0 118388
T_001687,0 127292
T_000184,0 124953
T_001948,0 116784
T_001031,0 126512
T_001162,0 126156
T_001949,0 117090
T_001205,0 127594
T_000381,0 123978
T_001671,0 127640
T_001108,0 125991
T_001576,0 126603
T_000843,0 126181
T_000064,0 123450
T_001681,0 127565
T_000311,0 125178
T_001366,0 125097
T_000153,0 125485
T_002690,0 125627
T_001728,0 124322
T_001385,0 123462
T_002736,0 124499
T_000158,0 124027
T_000835,0 126896
T_001955,0 118385
T_002465,0 123986
T_000695,0 126337
T_000096,0 125764
T_000194,0 125950
T_000484,0 124334
T_001898,0 127059
T_002477,0 121194
T_000756,0 125476
T_000466,0 126480
T_001032,0 126745
T_000877,0 126367
T_000477,0 126059
T_002727,0 126354
T_002589,0 127149
T_000511,0 123624
T_002606,0 123119
T_002667,0 125399
T_000302,0 125742
T_000016,0 126129
T_002732,0 125394
T_000734,0 127142
T_002739,0 122118
T_000460,0 126044
T_002240,0 126572
T_001404,0 125749
T_002404,0 125960
T_001452,0 126307
T_002011,0 126583
T_001362,0 123075
T_000265,0 127028
T_002501,0 126317
T_000392,0 126370
T_002362,0 125598
T_002415,0 125659
T_000861,0 125506
T_000284,0 126299
T_000621,0 118111
T_002082,0 125674
T_001302,0 125666
T_001732,0 124684
T_000378,0 124539
T_001716,0 126131
T_001851,0 124775
T_000639,0 124673
T_000548,0 122237
T_000259,0 126716
T_001979,0 119133
T_002580,0 125477
T_000209,0 125920
T_000712,0 126674
T_001410,0 125187
T_001434,0 125998
T_001016,0 124549
T_000819,0 127075
T_001923,0 122547
T_001010,0 126350
T_001006,0 126844
T_000880,0 126555
T_001305,0 126696
T_002020,0 123255
T_002705,0 126288
T_000586,0 124578
T_002436,0 127546
T_001339,0 124803
T_000647,0 125917
T_001411,0 125366
T_000118,0 127173
T_000461,0 126040
T_002585,0 127057
T_000432,0 120231
T_002688,0 125871
T_000733,0 127195
T_000403,0 126508
T_002239,0 126493
T_000333,0 127089
T_001467,0 126633
T_002114,0 126354
T_002293,0 121618
T_000340,0 127033
T_000727,0 127024
T_001791,0 126752
T_002223,0 121792
T_000347,0 126899
T_000718,0 126247
T_001064,0 125648
T_002505,0 126682
T_002289,0 120455
T_000585,0 123453
T_002508,0 126716
T_002024,0 121746
T_000789,0 127013
T_000736,0 127050
T_002166,0 127203
T_001570,0 126047
T_000530,0 123765
T_002725,0 126499
T_001439,0 126448
T_001389,0 123824
T_000139,0 126252
T_002591,0 126872
T_002346,0 125997
T_001912,0 126549
T_000888,0 126935
T_002613,0 123880
T_000233,0 127210
T_002691,0 125560
T_001282,0 122291
T_000749,0 126361
T_002185,0 124686
T_002242,0 126431
T_000804,0 126303
T_002182,0 124226
T_001413,0 125044
T_000780,0 126933
T_001710,0 126972
T_001371,0 121335
T_001882,0 124656
T_002588,0 127154
T_002275,0 126016
T_001658,0 127223
T_001895,0 127107
T_000766,0 126326
T_001419,0 124976
T_002468,0 123352
T_002347,0 125926
T_002423,0 126407
T_001513,0 126614
T_000172,0 124842
T_001768,0 125658
T_000874,0 126133
T_001210,0 127342
T_000619,0 118245
T_001897,0 127109
T_000193,0 125767
T_001873,0 124164
T_001690,0 127164
T_000157,0 124575
T_000081,0 121107
T_002101,0 125564
T_002246,0 125116
T_001981,0 120396
T_000569,0 126468
T_001066,0 125812
T_002231,0 126043
T_002199,0 126173
T_002250,0 123176
T_000970,0 122353
T_002529,0 126192
T_001942,0 113900
T_000500,0 117082
T_001645,0 125760
T_001443,0 126256
T_001437,0 126692
T_002517,0 126049
T_001773,0 125999
T_001313,0 127059
T_001258,0 124203
T_001514,0 126649
T_000203,0 126763
T_002051,0 126079
T_000364,0 128121
T_001471,0 126650
T_001505,0 124092
T_001455,0 126293
T_001478,0 127199
T_001002,0 127158
T_000912,0 126492
T_000776,0 126906
T_000739,0 127080
T_000520,0 124266
T_002657,0 123989
T_001887,0 125738
T_000555,0 123045
T_001724,0 124261
T_001729,0 123998
T_000358,0 128116
T_002175,0 126473
T_002307,0 126541
T_000732,0 127172
T_002272,0 126320
T_000307,0 125163
T_000043,0 124559
T_000959,0 126622
T_000253,0 125623
T_000035,0 127361
T_001678,0 127573
T_000900,0 125913
T_000703,0 126271
T_001965,0 119241
T_002561,0 126630
T_002506,0 126643
T_000801,0 126222
T_002320,0 126487
T_002069,0 125520
T_001800,0 127561
T_001248,0 119428
T_001053,0 124957
T_002202,0 126243
T_001905,0 127004
T_002728,0 126235
T_000590,0 125063
T_000272,0 127205
T_001679,0 127588
T_000936,0 126995
T_001784,0 126418
T_001968,0 120062
T_002405,0 125911
T_001188,0 127826
T_000558,0 124226
T_002748,0 119404
T_002677,0 124881
T_002105,0 125622
T_000706,0 126343
T_002502,0 126443
T_000374,0 111236
T_002470,0 122522
T_000094,0 125143
T_001788,0 126235
T_001662,0 127467
T_000181,0 124362
T_001546,0 125999
T_000661,0 123593
T_002361,0 125470
T_001224,0 126008
T_002266,0 126813
T_001056,0 125206
T_001218,0 126364
T_001874,0 123607
T_000319,0 127359
T_000796,0 126335
T_001989,0 120018
T_002130,0 127753
T_002353,0 125274
T_001084,0 126943
T_001470,0 126586
T_000283,0 126385
T_002042,0 125703
T_000531,0 123693
T_002554,0 125346
T_000632,0 123870
T_000721,0 126585
T_001423,0 125394
T_000230,0 127303
T_000140,0 126162
T_001708,0 126968
T_000332,0 127020
T_000615,0 120889
T_000179,0 124527
T_001155,0 126142
T_002136,0 127764
T_002689,0 125702
T_002064,0 125684
T_000033,0 127335
T_000827,0 126914
T_002179,0 125325
T_001129,0 122561
T_002365,0 126069
T_000274,0 127210
T_002485,0 121769
T_001363,0 123632
T_001430,0 124398
T_002493,0 123687
T_000517,0 124121
T_000120,0 127335
T_001908,0 126830
T_001130,0 123204
T_002724,0 126753
T_001526,0 127223
T_000759,0 125068
T_001037,0 127267
T_001165,0 125751
T_001067,0 125998
T_000369,0 110893
T_000439,0 119168
T_000017,0 126298
T_001962,0 119677
T_001076,0 127011
T_000448,0 124080
T_001992,0 120670
T_002473,0 121735
T_000606,0 123926
T_002633,0 112787
T_001574,0 126592
T_001092,0 124655
T_002372,0 126457
T_001235,0 124942
T_002635,0 110896
T_000498,0 116705
T_002220,0 120275
T_000129,0 127000
T_000457,0 125742
T_000480,0 125788
T_000001,0 127058
T_001412,0 125173
T_001018,0 123372
T_002576,0 125459
T_000896,0 126391
T_002375,0 126575
T_001805,0 127720
T_002126,0 127313
T_000323,0 127363
T_001011,0 126134
T_001549,0 125939
T_000032,0 127264
T_001932,0 119366
T_002462,0 123376
T_000491,0 121085
T_002636,0 110999
T_002325,0 126721
T_000939,0 127067
T_001242,0 122102
T_001444,0 126345
T_002449,0 122810
T_000390,0 126135
T_000486,0 123691
T_002098,0 125399
T_000705,0 126285
T_002339,0 126510
T_002380,0 126555
T_000991,0 126727
T_000633,0 123828
T_001880,0 123119
T_000177,0 124453
T_000085,0 122832
T_001420,0 124986
T_001440,0 126403
T_001197,0 127623
T_002542,0 120979
T_000659,0 125204
T_002537,0 119972
T_000352,0 127288
T_000104,0 126803
T_001078,0 127136
T_000366,0 127499
T_002116,0 126751
T_002150,0 127445
T_001185,0 127742
T_000397,0 126666
T_000152,0 125585
T_001310,0 126961
T_000093,0 124895
T_000673,0 124871
T_000289,0 124263
T_001857,0 120700
T_000826,0 126790
T_000395,0 126564
T_002458,0 123266
T_000079,0 120846
T_002095,0 125474
T_000083,0 122040
T_000281,0 126660
T_002132,0 127640
T_000506,0 121313
T_001600,0 125692
T_002699,0 125459
T_001476,0 127279
T_000611,0 124473
T_002456,0 122384
T_001723,0 124258
T_001154,0 126079
T_002394,0 125602
T_002286,0 122007
T_001918,0 125509
T_001632,0 125479
T_000669,0 125268
T_002376,0 126509
T_001548,0 125917
T_001466,0 126618
T_000540,0 122303
T_000867,0 125439
T_000582,0 123539
T_002169,0 127163
T_001766,0 124762
T_002583,0 126994
T_000949,0 126467
T_000467,0 126560
T_002131,0 127715
T_001146,0 126304
T_002396,0 125676
T_002500,0 126187
T_001025,0 123739
T_000671,0 125384
T_000636,0 123928
T_000102,0 126675
T_002721,0 126856
T_000312,0 125708
T_000969,0 123503
T_000084,0 122305
T_002230,0 125909
T_001364,0 124445
T_002525,0 126256
T_001196,0 127578
T_000022,0 126402
T_001530,0 127233
T_001150,0 126518
T_001217,0 126641
T_000580,0 124957
T_000123,0 127434
T_000304,0 125348
T_001063,0 125566
T_001855,0 123116
T_001113,0 124715
T_001825,0 126192
T_000370,0 110974
T_001967,0 120096
T_001858,0 119823
T_000646,0 126216
T_001465,0 126225
T_002315,0 126505
T_000678,0 124475
T_002722,0 126791
T_000471,0 126624
T_001239,0 123803
T_002558,0 126114
T_001436,0 126328
T_001198,0 127512
T_000875,0 126264
T_000845,0 125558
T_001614,0 126883
T_000579,0 125311
T_002184,0 124592
T_000300,0 125737
T_001735,0 125520
T_002534,0 124312
T_001214,0 127105
T_002528,0 126281
T_001408,0 125072
T_000787,0 127079
T_001043,0 125810
T_000514,0 123517
T_000165,0 125933
T_000904,0 125938
T_000956,0 127073
T_002288,0 120712
T_000857,0 124559
T_001762,0 121480
T_001753,0 118350
T_001464,0 126222
T_000508,0 122629
T_000751,0 126017
T_001737,0 125486
T_001589,0 127057
T_000918,0 126491
T_001550,0 125898
T_001558,0 125905
T_001326,0 125942
T_001230,0 125785
T_001093,0 123203
T_002125,0 127189
T_000101,0 126492
T_000657,0 125374
T_001665,0 127296
T_000063,0 123402
T_000223,0 126545
T_000658,0 125353
T_001587,0 126992
T_002054,0 125951
T_002620,0 124189
T_002013,0 126613
T_002057,0 125712
T_001779,0 126275
T_000372,0 111465
T_002345,0 126201
T_000015,0 126353
T_000373,0 111300
T_001733,0 124923
T_000456,0 125648
T_002475,0 121402
T_001161,0 126015
T_001655,0 127089
T_001379,0 118576
T_000221,0 125789
T_000593,0 125328
T_000487,0 123670
T_000821,0 127013
T_000202,0 126823
T_002398,0 125721
T_000248,0 121794
T_000469,0 126636
T_000937,0 127010
T_000919,0 126379
T_002049,0 126037
T_002253,0 124687
T_001872,0 123993
T_000731,0 127140
T_000981,0 122798
T_002124,0 126996
T_001132,0 124563
T_000117,0 127226
T_001822,0 127057
T_001390,0 123928
T_002312,0 126384
T_001473,0 127005
T_001096,0 120266
T_002164,0 127090
T_001388,0 123704
T_000306,0 124552
T_001255,0 123913
T_002651,0 123939
T_001714,0 126699
T_000532,0 123595
T_001693,0 127217
T_001963,0 119339
T_002614,0 124155
T_000790,0 126987
T_002567,0 127194
T_001422,0 125250
T_001245,0 120052
T_000134,0 126666
T_000677,0 124553
T_000065,0 123204
T_000752,0 126073
T_001350,0 125383
T_000464,0 126237
T_002487,0 122432
T_000348,0 127074
T_001290,0 124501
T_001307,0 126888
T_000522,0 124283
T_002711,0 126685
T_002037,0 125191
T_000679,0 125354
T_002349,0 125490
T_001712,0 126936
T_001090,0 125629
T_001139,0 126144
T_000778,0 126893
T_000038,0 127061
T_000906,0 126339
T_000028,0 126907
T_000128,0 127070
T_000573,0 126361
T_001688,0 127299
T_000138,0 126414
T_002176,0 126228
T_002109,0 125981
T_000963,0 125479
T_001103,0 124851
T_001212,0 127105
T_001148,0 126674
T_002249,0 123501
T_000473,0 126524
T_000286,0 125819
T_001683,0 127561
T_002177,0 125865
T_000178,0 124439
T_002244,0 125905
T_001533,0 126997
T_001179,0 127244
T_000651,0 126051
T_001540,0 126707
T_000977,0 119897
T_001046,0 125467
T_001704,0 126948
T_001996,0 124012
T_002158,0 127184
T_002331,0 126557
T_000161,0 125217
T_001761,0 121384
T_001764,0 123351
T_002409,0 125722
T_000667,0 124938
T_002291,0 121002
T_001602,0 126109
T_000082,0 121459
T_002463,0 123469
T_000335,0 127042
T_002669,0 125120
T_001553,0 125897
T_001298,0 125402
T_000244,0 122491
T_001446,0 126384
T_001397,0 126018
T_002209,0 125403
T_002538,0 116873
T_000246,0 122619
T_000199,0 126607
T_000740,0 127100
T_002154,0 127211
T_002541,0 117937
T_001628,0 125713
T_002634,0 111416
T_001802,0 127595
T_002729,0 125988
T_002197,0 126307
T_001320,0 126732
T_000953,0 126837
T_000450,0 124473
T_001087,0 126257
T_002560,0 126331
T_002626,0 117025
T_000709,0 126590
T_000024,0 126564
T_000250,0 123538
T_002261,0 127386
T_001241,0 122734
T_002714,0 126992
T_002147,0 127363
T_000767,0 126425
T_001357,0 125145
T_001528,0 127300
T_000210,0 125585
T_000318,0 127271
T_001569,0 126311
T_002747,0 119565
T_002026,0 121142
T_001009,0 126220
T_001488,0 126919
T_001391,0 124011
T_000368,0 116622
T_002276,0 125930
T_000638,0 124641
T_000620,0 118109
T_000653,0 125539
T_000816,0 127336
T_002397,0 125745
T_001484,0 127121
T_000481,0 125339
T_000849,0 124049
T_000911,0 126547
T_001611,0 126228
T_000972,0 120603
T_000599,0 125825
T_002364,0 125945
T_000746,0 126706
T_000150,0 126256
T_002659,0 124227
T_000040,0 126362
T_002090,0 125433
T_001415,0 123204
T_001141,0 126123
T_000560,0 125732
T_002670,0 125110
T_001237,0 124321
T_000076,0 120458
T_002155,0 127136
T_000755,0 125705
T_000952,0 126804
T_001399,0 126233
T_001122,0 116515
T_001249,0 119585
T_001620,0 126339
T_001594,0 127065
T_001195,0 127626
T_001786,0 126048
T_000007,0 127070
T_000098,0 126151
T_000504,0 119891
T_000227,0 127350
T_002663,0 125276
T_000990,0 126548
T_001668,0 127700
T_000925,0 126247
T_000533,0 123373
T_001709,0 126877
T_002089,0 125361
T_002193,0 126035
T_000550,0 122477
T_001637,0 126582
T_000049,0 121895
T_001107,0 125972
T_000269,0 126937
T_002061,0 125636
T_002165,0 127274
T_001335,0 126111
T_001810,0 127563
T_001856,0 121748
T_001695,0 127311
T_001970,0 120182
T_001696,0 127291
T_001333,0 126006
T_002145,0 127482
T_001994,0 122741
T_001803,0 127758
T_000126,0 127331
T_002384,0 126263
T_000666,0 125009
T_001663,0 127428
U_000449,0 124923
U_000694,0 123886
U_000575,0 124316
U_000047,0 122808
U_000228,0 121612
U_000106,0 124066
U_000074,0 121410
U_000176,0 122191
U_000114,0 123959
U_000295,0 121953
U_000410,0 124068
U_000243,0 124684
U_001034,0 122164
U_000923,0 123332
U_000255,0 124728
U_000050,0 122918
U_000920,0 122865
U_000384,0 123300
U_000044,0 122966
U_000350,0 124352
U_000798,0 123392
U_000479,0 122029
U_000716,0 123074
U_000196,0 123200
U_000415,0 120650
U_000192,0 122875
U_000649,0 124067
U_000781,0 111982
U_000858,0 122204
U_000310,0 120616
U_000058,0 122867
U_000036,0 122356
U_001029,0 122006
U_000883,0 123274
U_000270,0 123374
U_000726,0 123874
U_000894,0 122403
U_000240,0 124181
U_000257,0 124345
U_000924,0 123514
U_000807,0 115584
U_000462,0 124607
U_000745,0 123639
U_000379,0 124684
U_000836,0 123064
U_000287,0 122280
U_001028,0 122050
U_001058,0 124042
U_000325,0 117498
U_000882,0 123172
U_000110,0 124383
U_000779,0 114239
U_001075,0 124079
U_000003,0 123083
U_000519,0 119417
U_000551,0 120695
U_000871,0 122746
U_000982,0 123828
U_000728,0 123962
U_000154,0 124061
U_000251,0 124832
U_000066,0 122588
U_000020,0 123229
U_000538,0 120880
U_000148,0 123997
U_000238,0 123917
U_000159,0 123321
U_000853,0 123359
U_000741,0 122240
U_000357,0 122412
U_000234,0 122178
U_000526,0 120407
U_000343,0 124331
U_000436,0 124590
U_000546,0 118767
U_000631,0 122813
U_001079,0 123583
U_001086,0 123324
U_000618,0 122702
U_001013,0 122640
U_000675,0 123607
U_000989,0 120874
U_000997,0 120851
U_000398,0 123714
U_001014,0 122729
U_000610,0 118218
U_000683,0 122562
U_000854,0 123656
U_000988,0 121519
U_000830,0 123069
U_000156,0 124106
U_000438,0 124824
U_000112,0 124279
U_001050,0 120185
U_001100,0 122139
U_000080,0 122691
U_000650,0 123961
U_000968,0 123959
U_000788,0 121525
U_000966,0 123797
U_000090,0 123264
U_000681,0 121921
U_000698,0 124601
U_000214,0 122029
U_000426,0 123509
U_000407,0 124342
U_000907,0 121521
U_000584,0 121383
U_000528,0 121084
U_000359,0 120590
U_000846,0 118036
U_000777,0 117473
U_000753,0 123932
U_000831,0 123252
U_000339,0 123651
U_001094,0 122287
U_000864,0 120884
U_000396,0 123391
U_000204,0 122344
U_000113,0 124080
U_000303,0 122072
U_000784,0 115682
U_000241,0 124462
U_001030,0 121974
U_000200,0 122807
U_000367,0 121002
U_000934,0 123804
U_001070,0 124749
U_000596,0 119449
U_000513,0 113367
U_000353,0 123867
U_000394,0 122758
U_000553,0 123460
U_000794,0 123031
U_000338,0 122834
U_000897,0 122631
U_001038,0 123512
U_000886,0 122924
U_000876,0 122479
U_001020,0 122707
U_000413,0 123134
U_000855,0 123246
U_000799,0 122925
U_000930,0 123841
U_000231,0 120406
U_000160,0 122584
U_000624,0 122112
U_000294,0 122020
U_000057,0 122956
U_000691,0 123406
U_000451,0 124996
U_001057,0 124003
U_000822,0 123729
U_000818,0 122002
U_000629,0 122619
U_000468,0 124187
U_000437,0 124660
U_000045,0 122712
U_000299,0 122065
U_000536,0 122670
U_000614,0 121157
U_000483,0 120534
U_001012,0 122493
U_000297,0 121974
U_000412,0 123599
U_000626,0 122151
U_001041,0 124166
U_000910,0 122379
U_000071,0 123578
U_000342,0 124281
U_000431,0 123628
U_000680,0 122240
U_000935,0 123823
U_000421,0 122206
U_000645,0 123921
U_000668,0 123409
U_000105,0 124031
U_000562,0 124506
U_000690,0 123438
U_000336,0 121741
U_000293,0 122282
U_000951,0 123925
U_000806,0 116482
U_000435,0 124495
U_000124,0 123919
U_000424,0 122976
U_000147,0 124123
U_000077,0 121641
U_000563,0 124355
U_000388,0 120094
U_001026,0 122157
U_000962,0 123858
U_000578,0 123697
U_000866,0 121989
U_000488,0 120194
U_000557,0 124182
U_000019,0 122753
U_000268,0 123330
U_000783,0 113990
U_000232,0 121013
U_000408,0 124211
U_000329,0 118379
U_000655,0 121441
U_000996,0 119415
U_000320,0 116825
U_000021,0 123508
U_000386,0 122069
U_000088,0 123240
U_000603,0 118199
U_000901,0 122944
U_000685,0 123118
U_000414,0 122342
U_000315,0 118993
U_000893,0 122492
U_000938,0 124007
U_000814,0 114976
U_000478,0 122416
U_000062,0 122873
U_000271,0 123229
U_000828,0 123557
U_000452,0 125022
U_000151,0 123981
U_000327,0 117744
U_000576,0 124266
U_000434,0 124320
U_000795,0 123194
U_000349,0 124416
U_000224,0 122191
U_000217,0 122725
U_000170,0 119105
U_000189,0 122481
U_000341,0 124014
U_000465,0 124426
U_000809,0 116294
U_000411,0 123913
U_000878,0 122592
U_000385,0 122649
U_000688,0 123414
U_000402,0 124474
U_000609,0 117807
U_000837,0 122788
U_000097,0 123695
U_000598,0 117076
U_000229,0 119989
U_000729,0 123856
U_000004,0 122814
U_000163,0 120380
U_000797,0 123714
U_000180,0 120266
U_000791,0 122694
U_000808,0 115830
U_000674,0 123743
U_001039,0 123651
U_000547,0 118774
U_001048,0 120381
U_000387,0 121367
U_000637,0 121362
U_000087,0 123331
U_000190,0 122527
U_000785,0 116458
U_000236,0 123484
U_000276,0 122427
U_000258,0 124170
U_000245,0 124858
U_000037,0 122900
U_000472,0 123719
U_000002,0 123251
U_000932,0 123850
U_000351,0 124093
U_000136,0 124051
U_000628,0 122549
U_000122,0 123889
U_000267,0 122924
U_000802,0 121204
U_000832,0 123167
U_000013,0 118500
U_001082,0 122956
U_000605,0 119719
U_000317,0 117813
U_000494,0 121980
U_000493,0 121845
U_000554,0 123566
U_000815,0 115248
U_000444,0 124873
U_000440,0 124910
U_000183,0 119966
U_000288,0 122312
U_000869,0 122893
U_000758,0 123931
U_000072,0 123259
U_000355,0 123456
U_000737,0 123288
U_000929,0 123878
U_000011,0 118105
U_001019,0 122677
U_000095,0 123565
U_000226,0 123536
U_000748,0 124171
U_000842,0 120160
U_000856,0 123008
U_000608,0 117981
U_000782,0 112503
U_000524,0 118104
U_000109,0 124383
U_000305,0 121733
U_000482,0 120898
U_000723,0 123745
U_000921,0 122939
U_000652,0 123448
U_000660,0 118190
U_000902,0 122286
U_000931,0 123768
U_000254,0 124872
U_000242,0 124704
U_000266,0 122966
U_000191,0 122891
U_000635,0 121989
U_000042,0 122945
U_000186,0 121251
U_000992,0 117777
U_000362,0 121459
U_000173,0 121840
U_000838,0 122432
U_000774,0 119073
U_000612,0 118153
U_001027,0 121917
U_000913,0 122874
U_000175,0 122357
U_000574,0 124598
U_000070,0 123528
U_000309,0 120716
U_000361,0 120712
U_000948,0 123756
U_000116,0 124013
U_000393,0 122229
U_000594,0 119185
U_000458,0 124862
U_000955,0 123595
U_000262,0 123691
U_000273,0 123159
U_000086,0 123052
U_000169,0 117786
U_000008,0 121132
U_000743,0 122699
U_000328,0 118286
U_000401,0 124071
U_001068,0 124929
U_000870,0 122624
U_000724,0 124049
U_000321,0 117099
U_000944,0 123855
U_000607,0 119034
U_000859,0 121798
U_000099,0 123640
U_000324,0 117475
U_001017,0 123066
U_000056,0 123126
U_000502,0 121721
U_001001,0 121843
U_000696,0 124271
U_000710,0 123493
U_001080,0 123384
U_000591,0 118868
U_000903,0 121524
U_000985,0 123339
U_000141,0 124157
U_000034,0 121644
U_000197,0 123260
U_000600,0 115607
U_000940,0 124145
U_000810,0 116364
U_000689,0 123394
U_001035,0 122565
U_000595,0 119392
U_000006,0 122265
U_000700,0 124957
U_000895,0 122585
U_000377,0 124304
U_000947,0 123709
U_000735,0 123734
U_000213,0 121873
U_000222,0 123205
U_000664,0 120709
U_000627,0 122395
U_000009,0 120303
U_000905,0 121230
U_000750,0 124397
U_000824,0 123937
U_000872,0 122680
U_001008,0 120460
U_000863,0 119997
U_000135,0 124150
U_000296,0 121948
U_000771,0 120048
U_000892,0 122597
U_000103,0 123849
U_000701,0 124963
U_001083,0 122859
U_000371,0 123553
U_000111,0 124194
U_000577,0 124076
U_000459,0 124741
U_000420,0 121719
U_000775,0 118646
U_000052,0 123136
U_000567,0 124218
U_000860,0 120871
U_000983,0 123916
U_000565,0 124437
U_001069,0 124897
U_000602,0 116690
U_000301,0 121996
U_000535,0 122971
U_000423,0 122676
U_001097,0 122141
U_000556,0 124176
U_000975,0 123847
U_000534,0 122822
U_000149,0 123947
U_000068,0 122740
U_000663,0 119125
U_000625,0 121973
U_000326,0 117609
U_000308,0 120769
U_000833,0 123026
U_000030,0 120330
U_000765,0 123980
U_000427,0 123394
U_000927,0 123954
U_001081,0 123151
U_001072,0 124768
U_000290,0 122312
U_000597,0 118449
U_000346,0 124399
U_000772,0 119023
U_000803,0 119504
U_001051,0 120874
U_000583,0 121003
U_001007,0 119948
U_000215,0 122221
U_000225,0 123687
U_001003,0 120587
U_000738,0 122053
U_000282,0 122527
U_001021,0 122812
U_000446,0 124862
U_000235,0 122792
U_000443,0 124861
U_000291,0 122387
U_000185,0 120660
U_000046,0 122641
U_000073,0 122615
U_000115,0 123981
U_000851,0 122851
U_000971,0 123897
U_001077,0 123829
U_000686,0 123356
U_000447,0 124876
U_000656,0 120389
U_000089,0 123271
U_000025,0 123092
U_000676,0 123346
U_000539,0 119237
U_001073,0 124587
U_000890,0 122750
U_000980,0 124054
U_001049,0 119775
U_000922,0 123248
U_000425,0 123268
U_000107,0 124319
U_000812,0 114699
U_000510,0 114780
U_000406,0 124462
U_000967,0 123846
U_000928,0 123954
U_000144,0 124085
U_000453,0 125148
U_000549,0 119451
U_000889,0 122785
U_000463,0 124570
U_000155,0 124054
U_000909,0 122176
U_000023,0 123517
U_000817,0 120513
U_000570,0 124440
U_000754,0 123995
U_000476,0 123089
U_001098,0 122079
U_000344,0 124341
U_000125,0 123815
U_000644,0 123562
U_000957,0 123849
U_000091,0 123333
U_000195,0 123169
U_000829,0 123370
U_000943,0 123967
U_000029,0 121413
U_000249,0 124800
U_000945,0 123587
U_000211,0 121720
U_000868,0 122725
U_000993,0 117576
U_000545,0 118284
U_000840,0 121562
U_000987,0 122121
U_000454,0 125075
U_000521,0 119089
U_000277,0 122380
U_000702,0 125021
U_001015,0 122944
U_000026,0 122720
U_000552,0 122559
U_000360,0 120387
U_001004,0 120011
U_000280,0 122356
U_000559,0 124340
U_000693,0 123727
U_000763,0 123861
U_000100,0 123665
U_000162,0 121577
U_000699,0 124756
U_000207,0 121805
U_000571,0 124617
U_000391,0 119269
U_000455,0 125108
U_000252,0 124844
U_000188,0 122259
U_000800,0 122323
U_000630,0 122658
U_000239,0 124170
U_000075,0 122193
U_000174,0 122068
U_000442,0 124871
U_001047,0 122042
U_000946,0 123758
U_000142,0 123990
U_000430,0 123578
U_000474,0 123438
U_001065,0 125018
U_000132,0 124075
U_000793,0 122949
U_000529,0 121385
U_000171,0 120266
U_001054,0 122617
U_000418,0 120506
U_000470,0 123950
U_000400,0 124030
U_000119,0 124233
U_000708,0 123990
U_001005,0 119848
U_000998,0 121581
U_000331,0 119129
U_000769,0 121803
U_000237,0 123813
U_000523,0 118187
U_000060,0 122828
U_000515,0 115297
U_000805,0 117373
U_000899,0 123148
U_000198,0 123007
U_000885,0 122927
U_000704,0 124696
U_000055,0 123600
U_000850,0 122129
U_000898,0 123050
U_000662,0 118096
U_000844,0 118192
U_000168,0 117459
U_000613,0 119345
U_000958,0 123895
U_000881,0 122877
U_000592,0 119301
U_000441,0 124840
U_000964,0 123811
U_000995,0 117963
U_000416,0 120374
U_000757,0 123733
U_000994,0 117125
U_000720,0 122975
U_000212,0 121771
U_000261,0 123732
U_000167,0 117653
U_001022,0 122755
U_000010,0 118870
U_000054,0 123543
U_000337,0 122339
U_000143,0 124037
U_000069,0 123001
U_000363,0 121581
U_000942,0 124141
U_000263,0 123479
U_000986,0 122935
U_000496,0 121886
U_000485,0 119915
U_000707,0 124080
U_000914,0 122768
U_000247,0 124853
U_000616,0 122669
U_000588,0 121341
U_001000,0 122032
U_000622,0 122249
U_000640,0 121214
U_000730,0 124022
U_000908,0 121980
U_000999,0 121966
U_000572,0 124635
U_000417,0 119692
U_001060,0 124357
U_000428,0 123318
U_000589,0 120493
U_000492,0 121422
U_000383,0 123935
U_000841,0 121023
U_000292,0 122316
U_000670,0 123906
U_000879,0 122701
U_000960,0 123854
U_000127,0 124186
U_001040,0 124053
U_000256,0 124531
U_000884,0 123119
U_000422,0 122387
U_000825,0 123959
U_000399,0 123981
U_000564,0 124725
U_000848,0 120630
U_000516,0 117557
U_000623,0 121974
U_000078,0 121858
U_000501,0 121750
U_000382,0 123928
U_000648,0 124066
U_000507,0 118946
U_000334,0 120624
U_000770,0 121301
U_000725,0 123994
U_000544,0 116804
U_000862,0 119173
U_000786,0 118112
U_001055,0 123315
U_000916,0 122580
U_000404,0 124439
U_000601,0 115296
U_000711,0 123142
U_000965,0 123797
U_000954,0 123458
U_000356,0 123147
U_001044,0 122593
U_000201,0 122667
U_000503,0 121714
U_000365,0 121018
U_000166,0 117829
U_000027,0 122326
U_000722,0 123381
U_000313,0 119963
U_000642,0 122389
U_000665,0 122060
U_000760,0 124009
U_000834,0 122982
U_000568,0 124200
U_000617,0 122928
U_001059,0 124252
U_000005,0 122405
U_000429,0 123482
U_000654,0 122159
U_000715,0 123107
U_000279,0 122307
U_000697,0 124464
U_000719,0 123055
U_000322,0 117303
U_000497,0 121791
U_000130,0 124039
U_000684,0 122753
U_000820,0 123149
U_000419,0 121051
U_000164,0 119153
U_000933,0 123833
U_000978,0 123781
U_000742,0 122386
U_000205,0 122107
U_000218,0 122965
U_000121,0 124083
U_000208,0 121960
U_000137,0 124083
U_001089,0 122508
U_000499,0 121745
U_000405,0 124401
U_000031,0 119567
U_001036,0 122744
U_000587,0 121731
U_000051,0 122959
U_000542,0 115529
U_000561,0 124553
U_000744,0 123206
U_000887,0 122745
U_000067,0 122756
U_001071,0 124729
U_000973,0 123842
U_000537,0 122115
U_000375,0 124304
U_000000,0 123020
U_000761,0 123861
U_000489,0 120345
U_000012,0 118379
U_000823,0 123726
U_000865,0 121774
U_000941,0 124197
U_000345,0 124382
U_000490,0 120826
U_000389,0 118560
U_000354,0 123538
U_000376,0 124169
U_000566,0 124368
U_001052,0 121531
U_000604,0 119626
U_000275,0 122585
U_000145,0 124113
U_000206,0 121898
U_000961,0 123860
U_000131,0 123972
U_000409,0 124100
U_001042,0 118598
U_000950,0 123915
U_000018,0 122178
U_000041,0 122932
U_000717,0 123087
U_000039,0 123204
U_000813,0 114418
U_001091,0 122286
U_001024,0 122634
U_000061,0 122943
U_000146,0 124060
U_000541,0 116363
U_001099,0 122167
U_000984,0 123818
U_001033,0 122013
U_001045,0 123641
U_000260,0 123911
U_001085,0 123394
U_000852,0 123165
U_000220,0 123406
U_000692,0 123377
U_000643,0 122990
U_001023,0 122750
U_000512,0 113363
U_000525,0 119214
U_000133,0 124242
U_000915,0 122737
U_001095,0 122103
U_000873,0 122757
U_000792,0 122641
U_001074,0 124302
U_000509,0 116594
U_000917,0 122685
U_000014,0 118286
U_000672,0 124210
U_000059,0 122901
U_000581,0 122046
U_000891,0 122761
U_000976,0 123696
U_001088,0 122955
U_000641,0 121545
U_001061,0 124552
U_000182,0 120187
U_000747,0 123982
U_000687,0 123491
U_000847,0 118923
U_000682,0 122267
U_001062,0 124651
U_000713,0 122987
U_000316,0 118470
U_000762,0 123772
U_000219,0 123365
U_000979,0 123915
U_000298,0 122106
U_000053,0 123375
U_000764,0 124093
U_000445,0 124977
U_000285,0 122135
U_000926,0 123857
U_000475,0 123327
U_000092,0 123448
U_000314,0 119583
U_000714,0 123107
U_000527,0 121085
U_000839,0 122125
U_000108,0 124291
U_000773,0 118695
U_000380,0 124319
U_000974,0 123978
U_000768,0 122477
U_000330,0 118678
U_000505,0 120849
U_000048,0 122905
U_000264,0 123277
U_000811,0 115757
U_000433,0 124220
U_000216,0 122433
U_000187,0 121797
U_000543,0 115269
U_000518,0 119745
U_000634,0 122186
U_000278,0 122439
U_000495,0 121985
U_000184,0 120105
U_001031,0 121842
U_000381,0 124179
U_000843,0 118750
U_000064,0 122474
U_000311,0 120657
U_000153,0 124131
U_000158,0 123609
U_000835,0 123351
U_000695,0 124054
U_000096,0 123678
U_000194,0 123279
U_000484,0 120210
U_000756,0 123808
U_000466,0 124331
U_001032,0 121887
U_000877,0 122594
U_000477,0 122810
U_000511,0 113877
U_000302,0 121987
U_000016,0 120754
U_000734,0 123787
U_000460,0 124738
U_000265,0 123140
U_000392,0 120621
U_000861,0 119658
U_000284,0 122368
U_000621,0 122527
U_000378,0 124593
U_000639,0 121329
U_000548,0 118922
U_000259,0 124063
U_000209,0 122002
U_000712,0 123055
U_001016,0 123099
U_000819,0 122665
U_001010,0 121640
U_001006,0 119996
U_000880,0 122760
U_000586,0 121652
U_000647,0 124098
U_000118,0 124034
U_000461,0 124701
U_000432,0 123845
U_000733,0 123977
U_000403,0 124722
U_000333,0 120087
U_000340,0 123918
U_000727,0 124022
U_000347,0 124483
U_000718,0 123093
U_001064,0 124893
U_000585,0 121753
U_000789,0 122108
U_000736,0 123519
U_000530,0 121833
U_000139,0 124098
U_000888,0 122770
U_000233,0 121669
U_000749,0 124278
U_000804,0 118033
U_000780,0 113256
U_000766,0 123507
U_000172,0 121342
U_000874,0 122571
U_000619,0 122821
U_000193,0 123068
U_000157,0 123885
U_000081,0 122880
U_000569,0 124451
U_001066,0 124883
U_000970,0 124133
U_000500,0 121706
U_000203,0 122500
U_000364,0 121161
U_001002,0 121375
U_000912,0 122551
U_000776,0 117887
U_000739,0 121861
U_000520,0 119189
U_000555,0 123906
U_000358,0 121203
U_000732,0 124164
U_000307,0 121106
U_000043,0 122713
U_000959,0 124000
U_000253,0 124915
U_000035,0 122051
U_000900,0 123205
U_000703,0 124970
U_000801,0 121983
U_001053,0 121943
U_000590,0 119198
U_000272,0 123339
U_000936,0 123877
U_000558,0 124250
U_000706,0 124195
U_000374,0 124257
U_000094,0 123436
U_000181,0 120068
U_000661,0 117750
U_001056,0 123647
U_000319,0 116659
U_000796,0 123717
U_001084,0 123262
U_000283,0 122279
U_000531,0 122229
U_000632,0 122640
U_000721,0 122915
U_000230,0 120020
U_000140,0 124103
U_000332,0 119411
U_000615,0 122235
U_000179,0 120871
U_000033,0 120611
U_000827,0 123846
U_000274,0 122764
U_000517,0 119235
U_000120,0 124142
U_000759,0 123914
U_001037,0 123206
U_001067,0 124824
U_000369,0 122585
U_000439,0 124913
U_000017,0 121539
U_001076,0 124019
U_000448,0 124818
U_000606,0 119153
U_001092,0 122241
U_000498,0 121843
U_000129,0 124108
U_000457,0 125050
U_000480,0 121573
U_000001,0 123445
U_001018,0 123016
U_000896,0 122618
U_000323,0 117333
U_001011,0 122238
U_000032,0 119988
U_000491,0 121291
U_000939,0 124080
U_000390,0 118692
U_000486,0 119567
U_000705,0 124546
U_000991,0 118278
U_000633,0 122434
U_000177,0 121946
U_000085,0 123101
U_000659,0 118016
U_000352,0 124020
U_000104,0 124044
U_001078,0 123690
U_000366,0 120733
U_000397,0 123624
U_000152,0 124207
U_000093,0 123339
U_000673,0 124164
U_000289,0 122236
U_000826,0 124006
U_000395,0 123274
U_000079,0 122433
U_000083,0 123208
U_000281,0 122432
U_000506,0 119849
U_000611,0 118126
U_000669,0 123659
U_000540,0 117540
U_000867,0 122647
U_000582,0 121572
U_000949,0 123923
U_000467,0 124195
U_001025,0 122287
U_000671,0 123960
U_000636,0 121740
U_000102,0 123855
U_000312,0 120343
U_000969,0 123909
U_000084,0 123123
U_000022,0 123542
U_000580,0 122412
U_000123,0 123728
U_000304,0 121914
U_001063,0 124807
U_000370,0 123060
U_000646,0 124085
U_000678,0 122896
U_000471,0 123887
U_000875,0 122452
U_000845,0 118529
U_000579,0 123246
U_000300,0 122077
U_000787,0 120229
U_001043,0 120019
U_000514,0 114169
U_000165,0 118411
U_000904,0 121350
U_000956,0 123650
U_000857,0 122575
U_000508,0 117612
U_000751,0 124211
U_000918,0 122785
U_001093,0 122019
U_000101,0 123775
U_000657,0 119419
U_000063,0 122625
U_000223,0 120361
U_000658,0 118141
U_000372,0 123871
U_000015,0 119285
U_000373,0 124128
U_000456,0 125025
U_000221,0 123584
U_000593,0 119578
U_000487,0 119860
U_000821,0 123438
U_000202,0 122505
U_000248,0 124776
U_000469,0 124032
U_000937,0 123952
U_000919,0 122921
U_000731,0 124293
U_000981,0 123874
U_000117,0 124198
U_001096,0 122328
U_000306,0 121325
U_000532,0 122727
U_000790,0 122320
U_000134,0 124078
U_000677,0 123113
U_000065,0 122416
U_000752,0 124066
U_000464,0 124466
U_000348,0 124357
U_000522,0 118417
U_000679,0 122630
U_001090,0 122345
U_000778,0 115704
U_000038,0 123157
U_000906,0 121325
U_000028,0 122084
U_000128,0 124139
U_000573,0 124500
U_000138,0 124272
U_000963,0 123993
U_000473,0 123520
U_000286,0 122265
U_000178,0 121355
U_000651,0 123777
U_000977,0 123764
U_001046,0 122401
U_000161,0 122104
U_000667,0 123475
U_000082,0 123000
U_000335,0 121315
U_000244,0 124716
U_000246,0 124938
U_000199,0 122898
U_000740,0 121985
U_000953,0 123740
U_000450,0 124990
U_001087,0 123244
U_000709,0 123790
U_000024,0 123280
U_000250,0 124900
U_000767,0 122763
U_000210,0 121977
U_000318,0 116925
U_001009,0 121122
U_000368,0 121743
U_000638,0 120890
U_000620,0 122213
U_000653,0 122962
U_000816,0 117850
U_000481,0 121278
U_000849,0 121648
U_000911,0 122587
U_000972,0 124025
U_000599,0 115963
U_000746,0 123791
U_000150,0 123924
U_000040,0 123027
U_000560,0 124482
U_000076,0 121111
U_000755,0 123801
U_000952,0 123820
U_000007,0 121615
U_000098,0 123564
U_000504,0 121152
U_000227,0 122182
U_000990,0 119450
U_000925,0 123797
U_000533,0 122763
U_000550,0 119563
U_000049,0 122902
U_000269,0 123597
U_000126,0 124031
U_000666,0 122993
B_000449,0 86557
B_000694,0 114206
B_000575,0 99850
B_000047,0 121071
B_000228,0 108163
B_000106,0 124761
B_000074,0 122978
B_000176,0 124270
B_000114,0 125064
B_000295,0 88327
B_000410,0 89106
B_000243,0 103442
B_001034,0 118874
B_000923,0 110407
B_000255,0 98944
B_000050,0 120711
B_000920,0 110046
B_000384,0 94557
B_000044,0 121540
B_000350,0 94938
B_000798,0 91653
B_000479,0 94017
B_000716,0 109494
B_000196,0 120568
B_000415,0 87441
B_000192,0 121139
B_000649,0 111055
B_000781,0 94335
B_000858,0 93985
B_000310,0 87966
B_000058,0 121152
B_000036,0 123005
B_001029,0 118663
B_000883,0 103201
B_000270,0 91048
B_000726,0 106687
B_000894,0 104908
B_000240,0 105058
B_000257,0 97893
B_000924,0 110616
B_000807,0 88282
B_000462,0 88373
B_000745,0 104091
B_000379,0 96000
B_000836,0 88006
B_000287,0 88638
B_001028,0 118275
B_001058,0 115844
B_000325,0 90792
B_000882,0 102921
B_000110,0 124766
B_000779,0 94941
B_001075,0 112901
B_000003,0 122780
B_000519,0 91944
B_000551,0 98435
B_000871,0 99292
B_000982,0 113619
B_000728,0 106111
B_000154,0 123569
B_000251,0 99666
B_000066,0 122552
B_000020,0 122380
B_000538,0 97677
B_000148,0 123940
B_000238,0 106365
B_000159,0 122361
B_000853,0 93152
B_000741,0 104360
B_000357,0 95038
B_000234,0 107999
B_000526,0 93834
B_000343,0 95862
B_000436,0 83616
B_000546,0 98523
B_000631,0 111571
B_001079,0 112161
B_001086,0 112396
B_000618,0 109403
B_001013,0 117351
B_000675,0 113778
B_000989,0 115945
B_000997,0 117183
B_000398,0 91606
B_001014,0 117358
B_000610,0 108585
B_000683,0 114055
B_000854,0 93216
B_000988,0 115653
B_000830,0 86454
B_000156,0 123157
B_000438,0 84305
B_000112,0 124925
B_001050,0 117087
B_001100,0 113125
B_000080,0 124060
B_000650,0 111208
B_000968,0 111055
B_000788,0 93058
B_000966,0 110208
B_000090,0 124389
B_000681,0 114010
B_000698,0 113762
B_000214,0 115049
B_000426,0 83151
B_000407,0 90097
B_000907,0 108113
B_000584,0 101295
B_000528,0 95119
B_000359,0 94191
B_000846,0 92674
B_000777,0 96168
B_000753,0 102701
B_000831,0 86979
B_000339,0 94939
B_001094,0 112793
B_000864,0 95517
B_000396,0 91923
B_000204,0 120089
B_000113,0 125049
B_000303,0 87517
B_000784,0 93747
B_000241,0 104600
B_001030,0 118658
B_000200,0 120035
B_000367,0 95720
B_000934,0 111947
B_001070,0 114037
B_000596,0 104009
B_000513,0 91603
B_000353,0 95175
B_000394,0 91601
B_000553,0 98823
B_000794,0 91671
B_000338,0 94309
B_000897,0 105868
B_001038,0 119081
B_000886,0 103327
B_000876,0 100998
B_001020,0 117365
B_000413,0 88421
B_000855,0 93361
B_000799,0 91477
B_000930,0 111359
B_000231,0 107761
B_000160,0 122655
B_000624,0 109151
B_000294,0 88351
B_000057,0 120986
B_000691,0 114332
B_000451,0 86647
B_001057,0 115819
B_000822,0 86292
B_000818,0 86690
B_000629,0 110174
B_000468,0 90279
B_000437,0 83942
B_000045,0 121415
B_000299,0 88152
B_000536,0 97369
B_000614,0 108962
B_000483,0 96524
B_001012,0 117365
B_000297,0 88447
B_000412,0 88674
B_000626,0 107899
B_001041,0 118900
B_000910,0 108265
B_000071,0 122836
B_000342,0 95758
B_000431,0 82999
B_000680,0 114069
B_000935,0 112192
B_000421,0 84314
B_000645,0 111467
B_000668,0 113748
B_000105,0 124688
B_000562,0 98491
B_000690,0 114368
B_000336,0 93749
B_000293,0 88470
B_000951,0 111135
B_000806,0 88845
B_000435,0 83081
B_000124,0 125269
B_000424,0 83369
B_000147,0 124146
B_000077,0 123542
B_000563,0 98438
B_000388,0 93771
B_001026,0 117810
B_000962,0 109535
B_000578,0 100687
B_000866,0 96798
B_000488,0 96672
B_000557,0 98261
B_000019,0 122383
B_000268,0 91722
B_000783,0 93931
B_000232,0 108029
B_000408,0 89603
B_000329,0 92013
B_000655,0 112196
B_000996,0 117183
B_000320,0 89729
B_000021,0 122353
B_000386,0 93927
B_000088,0 124755
B_000603,0 108693
B_000901,0 107090
B_000685,0 113740
B_000414,0 88011
B_000315,0 88521
B_000893,0 104597
B_000938,0 112163
B_000814,0 86785
B_000478,0 93742
B_000062,0 122012
B_000271,0 90778
B_000828,0 86269
B_000452,0 86664
B_000151,0 123232
B_000327,0 90936
B_000576,0 100214
B_000434,0 82602
B_000795,0 91527
B_000349,0 95040
B_000224,0 109108
B_000217,0 111806
B_000170,0 123621
B_000189,0 123130
B_000341,0 95435
B_000465,0 89223
B_000809,0 87419
B_000411,0 88731
B_000878,0 101546
B_000385,0 94410
B_000688,0 114366
B_000402,0 91247
B_000609,0 109317
B_000837,0 88306
B_000097,0 124858
B_000598,0 104990
B_000229,0 107525
B_000729,0 105946
B_000004,0 122755
B_000163,0 122800
B_000797,0 91777
B_000180,0 124473
B_000791,0 92074
B_000808,0 87780
B_000674,0 113537
B_001039,0 118878
B_000547,0 98669
B_001048,0 117643
B_000387,0 93825
B_000637,0 111278
B_000087,0 124702
B_000190,0 122642
B_000785,0 93717
B_000236,0 107225
B_000276,0 90277
B_000258,0 96412
B_000245,0 102279
B_000037,0 123045
B_000472,0 91946
B_000002,0 122724
B_000932,0 111712
B_000351,0 94845
B_000136,0 124390
B_000628,0 109531
B_000122,0 125176
B_000267,0 92003
B_000802,0 90279
B_000832,0 87121
B_000013,0 122179
B_001082,0 112319
B_000605,0 109478
B_000317,0 88938
B_000494,0 92957
B_000493,0 93053
B_000554,0 99101
B_000815,0 86736
B_000444,0 86069
B_000440,0 84630
B_000183,0 124335
B_000288,0 88684
B_000869,0 98448
B_000758,0 102099
B_000072,0 122817
B_000355,0 95507
B_000737,0 104679
B_000929,0 111019
B_000011,0 122044
B_001019,0 117219
B_000095,0 124816
B_000226,0 108668
B_000748,0 103105
B_000842,0 90642
B_000856,0 93542
B_000608,0 109687
B_000782,0 94012
B_000524,0 92929
B_000109,0 124624
B_000305,0 88106
B_000482,0 96227
B_000723,0 107761
B_000921,0 110173
B_000652,0 111868
B_000660,0 112438
B_000902,0 107310
B_000931,0 111530
B_000254,0 98292
B_000242,0 104151
B_000266,0 92083
B_000191,0 122069
B_000635,0 111854
B_000042,0 122000
B_000186,0 123918
B_000992,0 116708
B_000362,0 94230
B_000173,0 124210
B_000838,0 88846
B_000774,0 97954
B_000612,0 108323
B_001027,0 118065
B_000913,0 108839
B_000175,0 124413
B_000574,0 99426
B_000070,0 122676
B_000309,0 88269
B_000361,0 93964
B_000948,0 111396
B_000116,0 124978
B_000393,0 91953
B_000594,0 102969
B_000458,0 87614
B_000955,0 110174
B_000262,0 93562
B_000273,0 90428
B_000086,0 124582
B_000169,0 123644
B_000008,0 122447
B_000743,0 104341
B_000328,0 91590
B_000401,0 91327
B_001068,0 114769
B_000870,0 99032
B_000724,0 107639
B_000321,0 90037
B_000944,0 111914
B_000607,0 109888
B_000859,0 94054
B_000099,0 124855
B_000324,0 90563
B_001017,0 117132
B_000056,0 120861
B_000502,0 92425
B_001001,0 117522
B_000696,0 114094
B_000710,0 109838
B_001080,0 112396
B_000591,0 101830
B_000903,0 107429
B_000985,0 114396
B_000141,0 124384
B_000034,0 123128
B_000197,0 120585
B_000600,0 107744
B_000940,0 112142
B_000810,0 87413
B_000689,0 114371
B_001035,0 119231
B_000595,0 103294
B_000006,0 122768
B_000700,0 113376
B_000895,0 105217
B_000377,0 96740
B_000947,0 111734
B_000735,0 104467
B_000213,0 115607
B_000222,0 109321
B_000664,0 113657
B_000627,0 108268
B_000009,0 122330
B_000905,0 107600
B_000750,0 103148
B_000824,0 86349
B_000872,0 99738
B_001008,0 117418
B_000863,0 95162
B_000135,0 124376
B_000296,0 88447
B_000771,0 99173
B_000892,0 104190
B_000103,0 124615
B_000701,0 113082
B_001083,0 112392
B_000371,0 96158
B_000111,0 125044
B_000577,0 100464
B_000459,0 87943
B_000420,0 84532
B_000775,0 97228
B_000052,0 120576
B_000567,0 98533
B_000860,0 94389
B_000983,0 113873
B_000565,0 98356
B_001069,0 114313
B_000602,0 108862
B_000301,0 87590
B_000535,0 97475
B_000423,0 83760
B_001097,0 113184
B_000556,0 98840
B_000975,0 112467
B_000534,0 97093
B_000149,0 123861
B_000068,0 122525
B_000663,0 113669
B_000625,0 108506
B_000326,0 90945
B_000308,0 88137
B_000833,0 87400
B_000030,0 122859
B_000765,0 100544
B_000427,0 83137
B_000927,0 110910
B_001081,0 112260
B_001072,0 113420
B_000290,0 88726
B_000597,0 104507
B_000346,0 95479
B_000772,0 98816
B_000803,0 89880
B_001051,0 116743
B_000583,0 100913
B_001007,0 117351
B_000215,0 113986
B_000225,0 109078
B_001003,0 117503
B_000738,0 104657
B_000282,0 89563
B_001021,0 117446
B_000446,0 86138
B_000235,0 107592
B_000443,0 85515
B_000291,0 88733
B_000185,0 124413
B_000046,0 121284
B_000073,0 122909
B_000115,0 124986
B_000851,0 92794
B_000971,0 111759
B_001077,0 112342
B_000686,0 113897
B_000447,0 86214
B_000656,0 112359
B_000089,0 124837
B_000025,0 122850
B_000676,0 113881
B_000539,0 97907
B_001073,0 113340
B_000890,0 103923
B_000980,0 113469
B_001049,0 117439
B_000922,0 110222
B_000425,0 83262
B_000107,0 124713
B_000812,0 86994
B_000510,0 91372
B_000406,0 90230
B_000967,0 110625
B_000928,0 110840
B_000144,0 124341
B_000453,0 87014
B_000549,0 98584
B_000889,0 103924
B_000463,0 88649
B_000155,0 123585
B_000909,0 108193
B_000023,0 122574
B_000817,0 86773
B_000570,0 98894
B_000754,0 102537
B_000476,0 93126
B_001098,0 113408
B_000344,0 95853
B_000125,0 125217
B_000644,0 111087
B_000957,0 109535
B_000091,0 124828
B_000195,0 120502
B_000829,0 86308
B_000943,0 112036
B_000029,0 122930
B_000249,0 100828
B_000945,0 111979
B_000211,0 115560
B_000868,0 97688
B_000993,0 116706
B_000545,0 98448
B_000840,0 89314
B_000987,0 115317
B_000454,0 87186
B_000521,0 92417
B_000277,0 90100
B_000702,0 112858
B_001015,0 117244
B_000026,0 122807
B_000552,0 98348
B_000360,0 94146
B_001004,0 117164
B_000280,0 89801
B_000559,0 98590
B_000693,0 114054
B_000763,0 100995
B_000100,0 124839
B_000162,0 122748
B_000699,0 113398
B_000207,0 118102
B_000571,0 98910
B_000391,0 92824
B_000455,0 87324
B_000252,0 99182
B_000188,0 123476
B_000800,0 91500
B_000630,0 110750
B_000239,0 105827
B_000075,0 123141
B_000174,0 124415
B_000442,0 85100
B_001047,0 117907
B_000946,0 111776
B_000142,0 124383
B_000430,0 82863
B_000474,0 92809
B_001065,0 115441
B_000132,0 124599
B_000793,0 91769
B_000529,0 95316
B_000171,0 123483
B_001054,0 116384
B_000418,0 85832
B_000470,0 91086
B_000400,0 91621
B_000119,0 124893
B_000708,0 111047
B_001005,0 117124
B_000998,0 117379
B_000331,0 93122
B_000769,0 99856
B_000237,0 106658
B_000523,0 92741
B_000060,0 121622
B_000515,0 91791
B_000805,0 89175
B_000899,0 106554
B_000198,0 120357
B_000885,0 103185
B_000704,0 112612
B_000055,0 120665
B_000850,0 92613
B_000898,0 106319
B_000662,0 113526
B_000844,0 91388
B_000168,0 123096
B_000613,0 108692
B_000958,0 109294
B_000881,0 102720
B_000592,0 101969
B_000441,0 84928
B_000964,0 109766
B_000995,0 117057
B_000416,0 86724
B_000757,0 102134
B_000994,0 116920
B_000720,0 108001
B_000212,0 115063
B_000261,0 93765
B_000167,0 122589
B_001022,0 117569
B_000010,0 122208
B_000054,0 120545
B_000337,0 93926
B_000143,0 124352
B_000069,0 122522
B_000363,0 94241
B_000942,0 111910
B_000263,0 93304
B_000986,0 114788
B_000496,0 92578
B_000485,0 96960
B_000707,0 111450
B_000914,0 109011
B_000247,0 101516
B_000616,0 108851
B_000588,0 101776
B_001000,0 117510
B_000622,0 109289
B_000640,0 110630
B_000730,0 105728
B_000908,0 108176
B_000999,0 117396
B_000572,0 98929
B_000417,0 86391
B_001060,0 115931
B_000428,0 82928
B_000589,0 101817
B_000492,0 93262
B_000383,0 94739
B_000841,0 89896
B_000292,0 88602
B_000670,0 113471
B_000879,0 101975
B_000960,0 109263
B_000127,0 125109
B_001040,0 118927
B_000256,0 98654
B_000884,0 103203
B_000422,0 84099
B_000825,0 86068
B_000399,0 91494
B_000564,0 98441
B_000848,0 92626
B_000516,0 91706
B_000623,0 109176
B_000078,0 123739
B_000501,0 92648
B_000382,0 95035
B_000648,0 111285
B_000507,0 91455
B_000334,0 93434
B_000770,0 99599
B_000725,0 107240
B_000544,0 98161
B_000862,0 94878
B_000786,0 93725
B_001055,0 116208
B_000916,0 109316
B_000404,0 90848
B_000601,0 107602
B_000711,0 109407
B_000965,0 110102
B_000954,0 110422
B_000356,0 95415
B_001044,0 118410
B_000201,0 120282
B_000503,0 92268
B_000365,0 94636
B_000166,0 122352
B_000027,0 122986
B_000722,0 107698
B_000313,0 88318
B_000642,0 110803
B_000665,0 113743
B_000760,0 101704
B_000834,0 87639
B_000568,0 98439
B_000617,0 108940
B_001059,0 115714
B_000005,0 122901
B_000429,0 82961
B_000654,0 112001
B_000715,0 109258
B_000279,0 89890
B_000697,0 113994
B_000719,0 108354
B_000322,0 90441
B_000497,0 92370
B_000130,0 124647
B_000684,0 113808
B_000820,0 86762
B_000419,0 85346
B_000164,0 122480
B_000933,0 111768
B_000978,0 113153
B_000742,0 104497
B_000205,0 119717
B_000218,0 111491
B_000121,0 125118
B_000208,0 117470
B_000137,0 124302
B_001089,0 112912
B_000499,0 92404
B_000405,0 90576
B_000031,0 123000
B_001036,0 119117
B_000587,0 101755
B_000051,0 120714
B_000542,0 97925
B_000561,0 98508
B_000744,0 104160
B_000887,0 103680
B_000067,0 122546
B_001071,0 113551
B_000973,0 112265
B_000537,0 97715
B_000375,0 96044
B_000000,0 122829
B_000761,0 101385
B_000489,0 95391
B_000012,0 122164
B_000823,0 86433
B_000865,0 96295
B_000941,0 112065
B_000345,0 95569
B_000490,0 94010
B_000389,0 93413
B_000354,0 95552
B_000376,0 97115
B_000566,0 98267
B_001052,0 116674
B_000604,0 109109
B_000275,0 90526
B_000145,0 124383
B_000206,0 119247
B_000961,0 109472
B_000131,0 124599
B_000409,0 89205
B_001042,0 118834
B_000950,0 111354
B_000018,0 122460
B_000041,0 122216
B_000717,0 109355
B_000039,0 122833
B_000813,0 86953
B_001091,0 112656
B_001024,0 117707
B_000061,0 121778
B_000146,0 124326
B_000541,0 98048
B_001099,0 113181
B_000984,0 114063
B_001033,0 118966
B_001045,0 118397
B_000260,0 94047
B_001085,0 112517
B_000852,0 92937
B_000220,0 110958
B_000692,0 114067
B_000643,0 111113
B_001023,0 117725
B_000512,0 91515
B_000525,0 93340
B_000133,0 124488
B_000915,0 109271
B_001095,0 113020
B_000873,0 99944
B_000792,0 91856
B_001074,0 113096
B_000509,0 91305
B_000917,0 109515
B_000014,0 122104
B_000672,0 113347
B_000059,0 121471
B_000581,0 100834
B_000891,0 104089
B_000976,0 112512
B_001088,0 112627
B_000641,0 110720
B_001061,0 115460
B_000182,0 124403
B_000747,0 103638
B_000687,0 114195
B_000847,0 92420
B_000682,0 114026
B_001062,0 115710
B_000713,0 108979
B_000316,0 88646
B_000762,0 101148
B_000219,0 111270
B_000979,0 113269
B_000298,0 88414
B_000053,0 120631
B_000764,0 100891
B_000445,0 86193
B_000285,0 89118
B_000926,0 110732
B_000475,0 92982
B_000092,0 124798
B_000314,0 88530
B_000714,0 108883
B_000527,0 94268
B_000839,0 89098
B_000108,0 124681
B_000773,0 98313
B_000380,0 95542
B_000974,0 112508
B_000768,0 100144
B_000330,0 92613
B_000505,0 91621
B_000048,0 120884
B_000264,0 92802
B_000811,0 87216
B_000433,0 82716
B_000216,0 112466
B_000187,0 123692
B_000543,0 98042
B_000518,0 91757
B_000634,0 112266
B_000278,0 90066
B_000495,0 92768
B_000184,0 124343
B_001031,0 118813
B_000381,0 95276
B_000843,0 90846
B_000064,0 122333
B_000311,0 87904
B_000153,0 123463
B_000158,0 122414
B_000835,0 87893
B_000695,0 114134
B_000096,0 124870
B_000194,0 120441
B_000484,0 96935
B_000756,0 102318
B_000466,0 89430
B_001032,0 118827
B_000877,0 101313
B_000477,0 93343
B_000511,0 91419
B_000302,0 87344
B_000016,0 122258
B_000734,0 104704
B_000460,0 88223
B_000265,0 92270
B_000392,0 92472
B_000861,0 94480
B_000284,0 89225
B_000621,0 109279
B_000378,0 96269
B_000639,0 110913
B_000548,0 98670
B_000259,0 94871
B_000209,0 117300
B_000712,0 109312
B_001016,0 117202
B_000819,0 86800
B_001010,0 117409
B_001006,0 117127
B_000880,0 102433
B_000586,0 101562
B_000647,0 111586
B_000118,0 124952
B_000461,0 88225
B_000432,0 82944
B_000733,0 105044
B_000403,0 90914
B_000333,0 93264
B_000340,0 95222
B_000727,0 106356
B_000347,0 95317
B_000718,0 108526
B_001064,0 115628
B_000585,0 101529
B_000789,0 92801
B_000736,0 104495
B_000530,0 95285
B_000139,0 124177
B_000888,0 103682
B_000233,0 107577
B_000749,0 102994
B_000804,0 89427
B_000780,0 94449
B_000766,0 100419
B_000172,0 123781
B_000874,0 100340
B_000619,0 109439
B_000193,0 120538
B_000157,0 122337
B_000081,0 124019
B_000569,0 98751
B_001066,0 115277
B_000970,0 111471
B_000500,0 92729
B_000203,0 120200
B_000364,0 94274
B_001002,0 117497
B_000912,0 108755
B_000776,0 96687
B_000739,0 104490
B_000520,0 92030
B_000555,0 99286
B_000358,0 94622
B_000732,0 105034
B_000307,0 88108
B_000043,0 121735
B_000959,0 109197
B_000253,0 98425
B_000035,0 123037
B_000900,0 106792
B_000703,0 112800
B_000801,0 90901
B_001053,0 116638
B_000590,0 101710
B_000272,0 90559
B_000936,0 112289
B_000558,0 98210
B_000706,0 111632
B_000374,0 95953
B_000094,0 124834
B_000181,0 124331
B_000661,0 112757
B_001056,0 115798
B_000319,0 89561
B_000796,0 91768
B_001084,0 112560
B_000283,0 89292
B_000531,0 95673
B_000632,0 111631
B_000721,0 107931
B_000230,0 107715
B_000140,0 124266
B_000332,0 93182
B_000615,0 109235
B_000179,0 124529
B_000033,0 123170
B_000827,0 86157
B_000274,0 90428
B_000517,0 91616
B_000120,0 125005
B_000759,0 101828
B_001037,0 118973
B_001067,0 114976
B_000369,0 96319
B_000439,0 84542
B_000017,0 122223
B_001076,0 112742
B_000448,0 86456
B_000606,0 109867
B_001092,0 112695
B_000498,0 92450
B_000129,0 124831
B_000457,0 87429
B_000480,0 94370
B_000001,0 122766
B_001018,0 117229
B_000896,0 105585
B_000323,0 90599
B_001011,0 117363
B_000032,0 123166
B_000491,0 93599
B_000939,0 112154
B_000390,0 93174
B_000486,0 96943
B_000705,0 112146
B_000991,0 116550
B_000633,0 112239
B_000177,0 124307
B_000085,0 124461
B_000659,0 111910
B_000352,0 94944
B_000104,0 124671
B_001078,0 112429
B_000366,0 95185
B_000397,0 91639
B_000152,0 123308
B_000093,0 124846
B_000673,0 113316
B_000289,0 88660
B_000826,0 86167
B_000395,0 91705
B_000079,0 123820
B_000083,0 124253
B_000281,0 89691
B_000506,0 91437
B_000611,0 108415
B_000669,0 113612
B_000540,0 98022
B_000867,0 97360
B_000582,0 100775
B_000949,0 111447
B_000467,0 89901
B_001025,0 117909
B_000671,0 113416
B_000636,0 111577
B_000102,0 124602
B_000312,0 88212
B_000969,0 111321
B_000084,0 124370
B_000022,0 122449
B_000580,0 100694
B_000123,0 125258
B_000304,0 87967
B_001063,0 115462
B_000370,0 96500
B_000646,0 111790
B_000678,0 113984
B_000471,0 91637
B_000875,0 100673
B_000845,0 92005
B_000579,0 100780
B_000300,0 87848
B_000787,0 93433
B_001043,0 118557
B_000514,0 91715
B_000165,0 121865
B_000904,0 107480
B_000956,0 109810
B_000857,0 93720
B_000508,0 91318
B_000751,0 102921
B_000918,0 109687
B_001093,0 112757
B_000101,0 124823
B_000657,0 112231
B_000063,0 122145
B_000223,0 109391
B_000658,0 111892
B_000372,0 95991
B_000015,0 122230
B_000373,0 95277
B_000456,0 87287
B_000221,0 110111
B_000593,0 102235
B_000487,0 97085
B_000821,0 86331
B_000202,0 120381
B_000248,0 101025
B_000469,0 90784
B_000937,0 112195
B_000919,0 109977
B_000731,0 105260
B_000981,0 113583
B_000117,0 124511
B_001096,0 113085
B_000306,0 88108
B_000532,0 96259
B_000790,0 92349
B_000134,0 124483
B_000677,0 113914
B_000065,0 122400
B_000752,0 102809
B_000464,0 88815
B_000348,0 95193
B_000522,0 92629
B_000679,0 114045
B_001090,0 112851
B_000778,0 95602
B_000038,0 122948
B_000906,0 107798
B_000028,0 123035
B_000128,0 125024
B_000573,0 99385
B_000138,0 124280
B_000963,0 109615
B_000473,0 92385
B_000286,0 88954
B_000178,0 124508
B_000651,0 111512
B_000977,0 112817
B_001046,0 118117
B_000161,0 122705
B_000667,0 113706
B_000082,0 124166
B_000335,0 93590
B_000244,0 102415
B_000246,0 101952
B_000199,0 120185
B_000740,0 104231
B_000953,0 110734
B_000450,0 86518
B_001087,0 112574
B_000709,0 110676
B_000024,0 122729
B_000250,0 100224
B_000767,0 100189
B_000210,0 116484
B_000318,0 89384
B_001009,0 117471
B_000368,0 96170
B_000638,0 111115
B_000620,0 109264
B_000653,0 111847
B_000816,0 86795
B_000481,0 95156
B_000849,0 92756
B_000911,0 108578
B_000972,0 112141
B_000599,0 106587
B_000746,0 103900
B_000150,0 123467
B_000040,0 122512
B_000560,0 98524
B_000076,0 123281
B_000755,0 102432
B_000952,0 110975
B_000007,0 122826
B_000098,0 124889
B_000504,0 91943
B_000227,0 108052
B_000990,0 116310
B_000925,0 110701
B_000533,0 96728
B_000550,0 98754
B_000049,0 120756
B_000269,0 91431
B_000126,0 125062
B_000666,0 113855
